{
	"credit": "Made with Blockbench",
	"textures": {
		"0": "other/cola",
		"1": "other/cola_label",
		"2": "other/glass",
		"3": "other/cola_lid",
		"particle": "other/cola"
	},
	"elements": [
		{
			"from": [6.875, 5, 8.15],
			"to": [8.825, 6.3, 9.6],
			"rotation": {"angle": 0, "axis": "y", "origin": [7.5, 5.5, 8.5]},
			"faces": {
				"north": {"uv": [0, 0, 1.95, 1.3], "texture": "#0"},
				"east": {"uv": [0, 0, 1.45, 1.3], "texture": "#0"},
				"south": {"uv": [0, 0, 1.95, 1.3], "texture": "#0"},
				"west": {"uv": [0, 0, 1.45, 1.3], "texture": "#0"},
				"up": {"uv": [0, 0, 1.95, 1.45], "texture": "#0"},
				"down": {"uv": [0, 0, 1.95, 1.45], "texture": "#0"}
			}
		},
		{
			"from": [6.8, 5, 8.075],
			"to": [8.925, 5.55, 9.675],
			"rotation": {"angle": 0, "axis": "y", "origin": [7.5, 5.5, 8.5]},
			"faces": {
				"north": {"uv": [0, 0, 2.125, 0.55], "texture": "#0"},
				"east": {"uv": [0, 0, 1.6, 0.55], "texture": "#0"},
				"south": {"uv": [0, 0, 2.125, 0.55], "texture": "#0"},
				"west": {"uv": [0, 0, 1.6, 0.55], "texture": "#0"},
				"up": {"uv": [0, 0, 2.125, 1.6], "texture": "#0"},
				"down": {"uv": [0, 0, 2.125, 1.6], "texture": "#0"}
			}
		},
		{
			"from": [6.8, 6.225, 8.075],
			"to": [8.925, 6.95, 9.675],
			"rotation": {"angle": 0, "axis": "y", "origin": [7.5, 6.725, 8.5]},
			"faces": {
				"north": {"uv": [0, 0, 2.125, 0.725], "texture": "#0"},
				"east": {"uv": [0, 0, 1.6, 0.725], "texture": "#0"},
				"south": {"uv": [0, 0, 2.125, 0.725], "texture": "#0"},
				"west": {"uv": [0, 0, 1.6, 0.725], "texture": "#0"},
				"up": {"uv": [0, 0, 2.125, 1.6], "texture": "#0"},
				"down": {"uv": [0, 0, 2.125, 1.6], "texture": "#0"}
			}
		},
		{
			"from": [6.75, 6.525, 8.05],
			"to": [9.025, 8.25, 9.7],
			"rotation": {"angle": 0, "axis": "y", "origin": [7.5, 7.025, 8.5]},
			"faces": {
				"north": {"uv": [0, 0, 2.275, 1.725], "texture": "#1"},
				"east": {"uv": [0, 0, 1.65, 1.725], "texture": "#1"},
				"south": {"uv": [0, 0, 2.275, 1.725], "texture": "#1"},
				"west": {"uv": [0, 0, 1.65, 1.725], "texture": "#1"},
				"up": {"uv": [0, 0, 2.275, 1.65], "texture": "#0"},
				"down": {"uv": [0, 0, 2.275, 1.65], "texture": "#0"}
			}
		},
		{
			"from": [6.825, 7.525, 8.125],
			"to": [8.95, 8.85, 9.625],
			"rotation": {"angle": 0, "axis": "y", "origin": [7.5, 8.025, 8.5]},
			"faces": {
				"north": {"uv": [0, 0, 2.125, 1.325], "texture": "#0"},
				"east": {"uv": [0, 0, 1.5, 1.325], "texture": "#0"},
				"south": {"uv": [0, 0, 2.125, 1.325], "texture": "#0"},
				"west": {"uv": [0, 0, 1.5, 1.325], "texture": "#0"},
				"up": {"uv": [0, 0, 2.125, 1.5], "texture": "#0"},
				"down": {"uv": [0, 0, 2.125, 1.5], "texture": "#0"}
			}
		},
		{
			"from": [6.9, 8.525, 8.2],
			"to": [8.875, 9.5, 9.55],
			"rotation": {"angle": 0, "axis": "y", "origin": [7.5, 9.025, 8.5]},
			"faces": {
				"north": {"uv": [0, 0, 1.975, 0.975], "texture": "#0"},
				"east": {"uv": [0, 0, 1.35, 0.975], "texture": "#0"},
				"south": {"uv": [0, 0, 1.975, 0.975], "texture": "#0"},
				"west": {"uv": [0, 0, 1.35, 0.975], "texture": "#0"},
				"up": {"uv": [0, 0, 1.975, 1.35], "texture": "#0"},
				"down": {"uv": [0, 0, 1.975, 1.35], "texture": "#0"}
			}
		},
		{
			"from": [7, 9.05, 8.3],
			"to": [8.7, 10.025, 9.45],
			"rotation": {"angle": 0, "axis": "y", "origin": [7.5, 9.55, 8.5]},
			"faces": {
				"north": {"uv": [0, 0, 1.7, 0.975], "texture": "#2"},
				"east": {"uv": [0, 0, 1.15, 0.975], "texture": "#2"},
				"south": {"uv": [0, 0, 1.7, 0.975], "texture": "#2"},
				"west": {"uv": [0, 0, 1.15, 0.975], "texture": "#2"},
				"up": {"uv": [0, 0, 1.7, 1.15], "texture": "#2"},
				"down": {"uv": [0, 0, 1.7, 1.15], "texture": "#2"}
			}
		},
		{
			"from": [7.125, 9.35, 8.45],
			"to": [8.575, 10.325, 9.325],
			"rotation": {"angle": 0, "axis": "y", "origin": [7.5, 9.85, 8.5]},
			"faces": {
				"north": {"uv": [0, 0, 1.45, 0.975], "texture": "#2"},
				"east": {"uv": [0, 0, 0.875, 0.975], "texture": "#2"},
				"south": {"uv": [0, 0, 1.45, 0.975], "texture": "#2"},
				"west": {"uv": [0, 0, 0.875, 0.975], "texture": "#2"},
				"up": {"uv": [0, 0, 1.45, 0.875], "texture": "#2"},
				"down": {"uv": [0, 0, 1.45, 0.875], "texture": "#2"}
			}
		},
		{
			"from": [7.2, 9.85, 8.55],
			"to": [8.475, 10.825, 9.225],
			"rotation": {"angle": 0, "axis": "y", "origin": [7.5, 10.35, 8.5]},
			"faces": {
				"north": {"uv": [0, 0, 1.275, 0.975], "texture": "#2"},
				"east": {"uv": [0, 0, 0.675, 0.975], "texture": "#2"},
				"south": {"uv": [0, 0, 1.275, 0.975], "texture": "#2"},
				"west": {"uv": [0, 0, 0.675, 0.975], "texture": "#2"},
				"up": {"uv": [0, 0, 1.275, 0.675], "texture": "#2"},
				"down": {"uv": [0, 0, 1.275, 0.675], "texture": "#2"}
			}
		},
		{
			"from": [7.125, 5, 7.9],
			"to": [8.575, 6.3, 9.85],
			"rotation": {"angle": 0, "axis": "y", "origin": [7.5, 5.5, 8.5]},
			"faces": {
				"north": {"uv": [0, 0, 1.45, 1.3], "texture": "#0"},
				"east": {"uv": [0, 0, 1.95, 1.3], "texture": "#0"},
				"south": {"uv": [0, 0, 1.45, 1.3], "texture": "#0"},
				"west": {"uv": [0, 0, 1.95, 1.3], "texture": "#0"},
				"up": {"uv": [0, 0, 1.45, 1.95], "texture": "#0"},
				"down": {"uv": [0, 0, 1.45, 1.95], "texture": "#0"}
			}
		},
		{
			"from": [7.05, 5, 7.825],
			"to": [8.675, 5.55, 9.925],
			"rotation": {"angle": 0, "axis": "y", "origin": [7.5, 5.5, 8.5]},
			"faces": {
				"north": {"uv": [0, 0, 1.625, 0.55], "texture": "#0"},
				"east": {"uv": [0, 0, 2.1, 0.55], "texture": "#0"},
				"south": {"uv": [0, 0, 1.625, 0.55], "texture": "#0"},
				"west": {"uv": [0, 0, 2.1, 0.55], "texture": "#0"},
				"up": {"uv": [0, 0, 1.625, 2.1], "texture": "#0"},
				"down": {"uv": [0, 0, 1.625, 2.1], "texture": "#0"}
			}
		},
		{
			"from": [7.05, 6.225, 7.825],
			"to": [8.675, 6.95, 9.925],
			"rotation": {"angle": 0, "axis": "y", "origin": [7.5, 6.725, 8.5]},
			"faces": {
				"north": {"uv": [0, 0, 1.625, 0.725], "texture": "#0"},
				"east": {"uv": [0, 0, 2.1, 0.725], "texture": "#0"},
				"south": {"uv": [0, 0, 1.625, 0.725], "texture": "#0"},
				"west": {"uv": [0, 0, 2.1, 0.725], "texture": "#0"},
				"up": {"uv": [0, 0, 1.625, 2.1], "texture": "#0"},
				"down": {"uv": [0, 0, 1.625, 2.1], "texture": "#0"}
			}
		},
		{
			"from": [7, 6.525, 7.8],
			"to": [8.775, 8.25, 9.95],
			"rotation": {"angle": 0, "axis": "y", "origin": [7.5, 7.025, 8.5]},
			"faces": {
				"north": {"uv": [0, 0, 1.775, 1.725], "texture": "#1"},
				"east": {"uv": [0, 0, 2.15, 1.725], "texture": "#1"},
				"south": {"uv": [0, 0, 1.775, 1.725], "texture": "#1"},
				"west": {"uv": [0, 0, 2.15, 1.725], "texture": "#1"},
				"up": {"uv": [0, 0, 1.775, 2.15], "texture": "#0"},
				"down": {"uv": [0, 0, 1.775, 2.15], "texture": "#0"}
			}
		},
		{
			"from": [7.075, 7.525, 7.875],
			"to": [8.7, 8.85, 9.875],
			"rotation": {"angle": 0, "axis": "y", "origin": [7.5, 8.025, 8.5]},
			"faces": {
				"north": {"uv": [0, 0, 1.625, 1.325], "texture": "#0"},
				"east": {"uv": [0, 0, 2, 1.325], "texture": "#0"},
				"south": {"uv": [0, 0, 1.625, 1.325], "texture": "#0"},
				"west": {"uv": [0, 0, 2, 1.325], "texture": "#0"},
				"up": {"uv": [0, 0, 1.625, 2], "texture": "#0"},
				"down": {"uv": [0, 0, 1.625, 2], "texture": "#0"}
			}
		},
		{
			"from": [7.15, 8.525, 7.95],
			"to": [8.625, 9.5, 9.8],
			"rotation": {"angle": 0, "axis": "y", "origin": [7.5, 9.025, 8.5]},
			"faces": {
				"north": {"uv": [0, 0, 1.475, 0.975], "texture": "#0"},
				"east": {"uv": [0, 0, 1.85, 0.975], "texture": "#0"},
				"south": {"uv": [0, 0, 1.475, 0.975], "texture": "#0"},
				"west": {"uv": [0, 0, 1.85, 0.975], "texture": "#0"},
				"up": {"uv": [0, 0, 1.475, 1.85], "texture": "#0"},
				"down": {"uv": [0, 0, 1.475, 1.85], "texture": "#0"}
			}
		},
		{
			"from": [7.25, 9.05, 8.05],
			"to": [8.45, 10.025, 9.7],
			"rotation": {"angle": 0, "axis": "y", "origin": [7.5, 9.55, 8.5]},
			"faces": {
				"north": {"uv": [0, 0, 1.2, 0.975], "texture": "#2"},
				"east": {"uv": [0, 0, 1.65, 0.975], "texture": "#2"},
				"south": {"uv": [0, 0, 1.2, 0.975], "texture": "#2"},
				"west": {"uv": [0, 0, 1.65, 0.975], "texture": "#2"},
				"up": {"uv": [0, 0, 1.2, 1.65], "texture": "#2"},
				"down": {"uv": [0, 0, 1.2, 1.65], "texture": "#2"}
			}
		},
		{
			"from": [7.375, 9.35, 8.2],
			"to": [8.325, 10.325, 9.575],
			"rotation": {"angle": 0, "axis": "y", "origin": [7.5, 9.85, 8.5]},
			"faces": {
				"north": {"uv": [0, 0, 0.95, 0.975], "texture": "#2"},
				"east": {"uv": [0, 0, 1.375, 0.975], "texture": "#2"},
				"south": {"uv": [0, 0, 0.95, 0.975], "texture": "#2"},
				"west": {"uv": [0, 0, 1.375, 0.975], "texture": "#2"},
				"up": {"uv": [0, 0, 0.95, 1.375], "texture": "#2"},
				"down": {"uv": [0, 0, 0.95, 1.375], "texture": "#2"}
			}
		},
		{
			"from": [7.45, 9.85, 8.3],
			"to": [8.225, 10.825, 9.475],
			"rotation": {"angle": 0, "axis": "y", "origin": [7.5, 10.35, 8.5]},
			"faces": {
				"north": {"uv": [0, 0, 0.775, 0.975], "texture": "#2"},
				"east": {"uv": [0, 0, 1.175, 0.975], "texture": "#2"},
				"south": {"uv": [0, 0, 0.775, 0.975], "texture": "#2"},
				"west": {"uv": [0, 0, 1.175, 0.975], "texture": "#2"},
				"up": {"uv": [0, 0, 0.775, 1.175], "texture": "#2"},
				"down": {"uv": [0, 0, 0.775, 1.175], "texture": "#2"}
			}
		},
		{
			"from": [6.825, 3.85, 8.1],
			"to": [8.9, 4.85, 9.65],
			"rotation": {"angle": 0, "axis": "y", "origin": [7.5, 4.35, 8.5]},
			"faces": {
				"north": {"uv": [0, 0, 2.075, 1], "texture": "#0"},
				"east": {"uv": [0, 0, 1.55, 1], "texture": "#0"},
				"south": {"uv": [0, 0, 2.075, 1], "texture": "#0"},
				"west": {"uv": [0, 0, 1.55, 1], "texture": "#0"},
				"up": {"uv": [0, 0, 2.075, 1.55], "texture": "#0"},
				"down": {"uv": [0, 0, 2.075, 1.55], "texture": "#0"}
			}
		},
		{
			"from": [6.875, 3.775, 8.15],
			"to": [8.85, 4.775, 9.6],
			"rotation": {"angle": 0, "axis": "y", "origin": [7.5, 4.275, 8.5]},
			"faces": {
				"north": {"uv": [0, 0, 1.975, 1], "texture": "#0"},
				"east": {"uv": [0, 0, 1.45, 1], "texture": "#0"},
				"south": {"uv": [0, 0, 1.975, 1], "texture": "#0"},
				"west": {"uv": [0, 0, 1.45, 1], "texture": "#0"},
				"up": {"uv": [0, 0, 1.975, 1.45], "texture": "#0"},
				"down": {"uv": [0, 0, 1.975, 1.45], "texture": "#0"}
			}
		},
		{
			"from": [6.8, 3.925, 8.075],
			"to": [8.975, 4.925, 9.7],
			"rotation": {"angle": 0, "axis": "y", "origin": [7.5, 4.425, 8.5]},
			"faces": {
				"north": {"uv": [0, 0, 2.175, 1], "texture": "#0"},
				"east": {"uv": [0, 0, 1.625, 1], "texture": "#0"},
				"south": {"uv": [0, 0, 2.175, 1], "texture": "#0"},
				"west": {"uv": [0, 0, 1.625, 1], "texture": "#0"},
				"up": {"uv": [0, 0, 2.175, 1.625], "texture": "#0"},
				"down": {"uv": [0, 0, 2.175, 1.625], "texture": "#0"}
			}
		},
		{
			"from": [7.075, 3.85, 7.85],
			"to": [8.65, 4.85, 9.9],
			"rotation": {"angle": 0, "axis": "y", "origin": [7.5, 4.35, 8.5]},
			"faces": {
				"north": {"uv": [0, 0, 1.575, 1], "texture": "#0"},
				"east": {"uv": [0, 0, 2.05, 1], "texture": "#0"},
				"south": {"uv": [0, 0, 1.575, 1], "texture": "#0"},
				"west": {"uv": [0, 0, 2.05, 1], "texture": "#0"},
				"up": {"uv": [0, 0, 1.575, 2.05], "texture": "#0"},
				"down": {"uv": [0, 0, 1.575, 2.05], "texture": "#0"}
			}
		},
		{
			"from": [7.125, 3.775, 7.9],
			"to": [8.6, 4.775, 9.85],
			"rotation": {"angle": 0, "axis": "y", "origin": [7.5, 4.275, 8.5]},
			"faces": {
				"north": {"uv": [0, 0, 1.475, 1], "texture": "#0"},
				"east": {"uv": [0, 0, 1.95, 1], "texture": "#0"},
				"south": {"uv": [0, 0, 1.475, 1], "texture": "#0"},
				"west": {"uv": [0, 0, 1.95, 1], "texture": "#0"},
				"up": {"uv": [0, 0, 1.475, 1.95], "texture": "#0"},
				"down": {"uv": [0, 0, 1.475, 1.95], "texture": "#0"}
			}
		},
		{
			"from": [7.05, 3.925, 7.825],
			"to": [8.725, 4.925, 9.95],
			"rotation": {"angle": 0, "axis": "y", "origin": [7.5, 4.425, 8.5]},
			"faces": {
				"north": {"uv": [0, 0, 1.675, 1], "texture": "#0"},
				"east": {"uv": [0, 0, 2.125, 1], "texture": "#0"},
				"south": {"uv": [0, 0, 1.675, 1], "texture": "#0"},
				"west": {"uv": [0, 0, 2.125, 1], "texture": "#0"},
				"up": {"uv": [0, 0, 1.675, 2.125], "texture": "#0"},
				"down": {"uv": [0, 0, 1.675, 2.125], "texture": "#0"}
			}
		},
		{
			"from": [7, 4, 7.75],
			"to": [8.75, 5, 8],
			"rotation": {"angle": 0, "axis": "y", "origin": [7.5, 4.5, 8.5]},
			"faces": {
				"north": {"uv": [0, 0, 1.75, 1], "texture": "#0"},
				"east": {"uv": [0, 0, 0.25, 1], "texture": "#0"},
				"south": {"uv": [0, 0, 1.75, 1], "texture": "#0"},
				"west": {"uv": [0, 0, 0.25, 1], "texture": "#0"},
				"up": {"uv": [0, 0, 1.75, 0.25], "texture": "#0"},
				"down": {"uv": [0, 0, 1.75, 0.25], "texture": "#0"}
			}
		},
		{
			"from": [7, 4, 9.75],
			"to": [8.75, 5, 10],
			"rotation": {"angle": 0, "axis": "y", "origin": [7.5, 4.5, 10.5]},
			"faces": {
				"north": {"uv": [0, 0, 1.75, 1], "texture": "#0"},
				"east": {"uv": [0, 0, 0.25, 1], "texture": "#0"},
				"south": {"uv": [0, 0, 1.75, 1], "texture": "#0"},
				"west": {"uv": [0, 0, 0.25, 1], "texture": "#0"},
				"up": {"uv": [0, 0, 1.75, 0.25], "texture": "#0"},
				"down": {"uv": [0, 0, 1.75, 0.25], "texture": "#0"}
			}
		},
		{
			"from": [6.75, 4, 8],
			"to": [7, 5, 9.75],
			"rotation": {"angle": 0, "axis": "y", "origin": [7.5, 4.5, 8.5]},
			"faces": {
				"north": {"uv": [0, 0, 0.25, 1], "texture": "#0"},
				"east": {"uv": [0, 0, 1.75, 1], "texture": "#0"},
				"south": {"uv": [0, 0, 0.25, 1], "texture": "#0"},
				"west": {"uv": [0, 0, 1.75, 1], "texture": "#0"},
				"up": {"uv": [0, 0, 0.25, 1.75], "texture": "#0"},
				"down": {"uv": [0, 0, 0.25, 1.75], "texture": "#0"}
			}
		},
		{
			"from": [7, 4, 8],
			"to": [8.75, 5, 9.75],
			"rotation": {"angle": 0, "axis": "y", "origin": [7.5, 4.5, 8.5]},
			"faces": {
				"north": {"uv": [0, 0, 1.75, 1], "texture": "#0"},
				"east": {"uv": [0, 0, 1.75, 1], "texture": "#0"},
				"south": {"uv": [0, 0, 1.75, 1], "texture": "#0"},
				"west": {"uv": [0, 0, 1.75, 1], "texture": "#0"},
				"up": {"uv": [0, 0, 1.75, 1.75], "texture": "#0"},
				"down": {"uv": [0, 0, 1.75, 1.75], "texture": "#0"}
			}
		},
		{
			"from": [8.75, 4, 8],
			"to": [9, 5, 9.75],
			"rotation": {"angle": 0, "axis": "y", "origin": [7.5, 4.5, 8.5]},
			"faces": {
				"north": {"uv": [0, 0, 0.25, 1], "texture": "#0"},
				"east": {"uv": [0, 0, 1.75, 1], "texture": "#0"},
				"south": {"uv": [0, 0, 0.25, 1], "texture": "#0"},
				"west": {"uv": [0, 0, 1.75, 1], "texture": "#0"},
				"up": {"uv": [0, 0, 0.25, 1.75], "texture": "#0"},
				"down": {"uv": [0, 0, 0.25, 1.75], "texture": "#0"}
			}
		},
		{
			"from": [7.1, 10.75, 8.45],
			"to": [8.575, 11.15, 9.35],
			"rotation": {"angle": 0, "axis": "y", "origin": [7.5, 11.3, 8.5]},
			"faces": {
				"north": {"uv": [0, 0, 1.475, 0.4], "texture": "#3"},
				"east": {"uv": [0, 0, 0.9, 0.4], "texture": "#3"},
				"south": {"uv": [0, 0, 1.475, 0.4], "texture": "#3"},
				"west": {"uv": [0, 0, 0.9, 0.4], "texture": "#3"},
				"up": {"uv": [0, 0, 1.475, 0.9], "texture": "#3"},
				"down": {"uv": [0, 0, 1.475, 0.9], "texture": "#3"}
			}
		},
		{
			"from": [7.35, 10.75, 8.2],
			"to": [8.325, 11.15, 9.6],
			"rotation": {"angle": 0, "axis": "y", "origin": [7.5, 11.3, 8.5]},
			"faces": {
				"north": {"uv": [0, 0, 0.975, 0.4], "texture": "#3"},
				"east": {"uv": [0, 0, 1.4, 0.4], "texture": "#3"},
				"south": {"uv": [0, 0, 0.975, 0.4], "texture": "#3"},
				"west": {"uv": [0, 0, 1.4, 0.4], "texture": "#3"},
				"up": {"uv": [0, 0, 0.975, 1.4], "texture": "#3"},
				"down": {"uv": [0, 0, 0.975, 1.4], "texture": "#3"}
			}
		}
	],
	"display": {
		"thirdperson_righthand": {
			"rotation": [24, 0, 0],
			"translation": [0.25, 2, 0.25]
		},
		"thirdperson_lefthand": {
			"rotation": [24, 0, 0],
			"translation": [0.25, 2, 0.25]
		},
		"firstperson_righthand": {
			"rotation": [-16, 0, 3],
			"translation": [0, 4, 0],
			"scale": [1.14, 1.14, 1.14]
		},
		"firstperson_lefthand": {
			"rotation": [-16, 0, 3],
			"translation": [0, 4, 0],
			"scale": [1.14, 1.14, 1.14]
		},
		"ground": {
			"rotation": [30, 0, 0],
			"translation": [0, 0.5, 0]
		},
		"gui": {
			"rotation": [0, 0, -45],
			"translation": [0.5, 0.5, 0],
			"scale": [1.86, 1.86, 1.86]
		},
		"fixed": {
			"translation": [0.25, 0.5, -1.5],
			"scale": [1.97, 1.97, 1.97]
		}
	},
	"groups": [
		{
			"name": "group",
			"origin": [7.5, 0.5, 9.5],
			"children": [0, 1, 2, 3, 4, 5, 6, 7, 8, 9, 10, 11, 12, 13, 14, 15, 16, 17, 18, 19, 20, 21, 22, 23, 24, 25, 26, 27, 28]
		}, 29, 30]
}