{
	"credit": "Made with Blockbench",
	"textures": {
		"1": "other/flashbang",
		"particle": "other/grenade"
	},
	"elements": [
		{
			"from": [6.2, 4.2, 6.2],
			"to": [8.8, 5, 8.8],
			"rotation": {"angle": 0, "axis": "y", "origin": [8, 6, 9]},
			"faces": {
				"north": {"uv": [0, 0, 3, 4], "texture": "#1"},
				"east": {"uv": [0, 0, 2, 4], "texture": "#1"},
				"south": {"uv": [3, 8, 6, 13], "texture": "#1"},
				"west": {"uv": [0, 0, 3, 4], "texture": "#1"},
				"up": {"uv": [0, 0, 3, 4], "texture": "#1"},
				"down": {"uv": [0, 0, 3, 4], "texture": "#1"}
			}
		},
		{
			"from": [6.3, 0, 6.2],
			"to": [8.7, 0.7, 8.8],
			"rotation": {"angle": 0, "axis": "y", "origin": [8, 6, 9]},
			"faces": {
				"north": {"uv": [0, 0, 3, 3], "texture": "#1"},
				"east": {"uv": [0, 0, 3, 4], "texture": "#1"},
				"south": {"uv": [0, 0, 3, 4], "texture": "#1"},
				"west": {"uv": [0, 0, 3, 4], "texture": "#1"},
				"up": {"uv": [0, 0, 2, 3], "texture": "#1"},
				"down": {"uv": [0, 0, 3, 3], "texture": "#1"}
			}
		},
		{
			"from": [6.5, 0.7, 6.5],
			"to": [8.5, 4.25, 8.5],
			"rotation": {"angle": 0, "axis": "y", "origin": [8, 6, 9]},
			"faces": {
				"north": {"uv": [4, 8, 7, 13], "texture": "#1"},
				"east": {"uv": [0, 11, 3, 16], "texture": "#1"},
				"south": {"uv": [3, 8, 6, 13], "texture": "#1"},
				"west": {"uv": [3, 8, 6, 13], "texture": "#1"},
				"up": {"uv": [3, 8, 6, 13], "texture": "#1"},
				"down": {"uv": [3, 8, 6, 13], "texture": "#1"}
			}
		},
		{
			"from": [6.4, 3.1, 6.4],
			"to": [8.6, 3.65, 8.6],
			"rotation": {"angle": 0, "axis": "y", "origin": [8, 6, 9]},
			"faces": {
				"north": {"uv": [0, 4, 2, 6], "texture": "#1"},
				"east": {"uv": [0, 4, 2, 6], "texture": "#1"},
				"south": {"uv": [0, 4, 2, 6], "texture": "#1"},
				"west": {"uv": [0, 4, 2, 6], "texture": "#1"},
				"up": {"uv": [0, 4, 2, 6], "texture": "#1"},
				"down": {"uv": [0, 4, 2, 6], "texture": "#1"}
			}
		},
		{
			"from": [6.4, 1.2, 6.4],
			"to": [8.6, 1.75, 8.6],
			"rotation": {"angle": 0, "axis": "y", "origin": [8, 6, 9]},
			"faces": {
				"north": {"uv": [0, 4, 2, 6], "texture": "#1"},
				"east": {"uv": [0, 4, 2, 6], "texture": "#1"},
				"south": {"uv": [0, 4, 2, 6], "texture": "#1"},
				"west": {"uv": [0, 4, 2, 6], "texture": "#1"},
				"up": {"uv": [0, 4, 2, 6], "texture": "#1"},
				"down": {"uv": [0, 4, 2, 6], "texture": "#1"}
			}
		},
		{
			"from": [7, 5, 7],
			"to": [8, 7, 8],
			"rotation": {"angle": 0, "axis": "y", "origin": [16, 8, 16]},
			"faces": {
				"north": {"uv": [0, 0, 1, 2], "texture": "#1"},
				"east": {"uv": [0, 0, 1, 2], "texture": "#1"},
				"south": {"uv": [0, 0, 1, 2], "texture": "#1"},
				"west": {"uv": [0, 0, 1, 2], "texture": "#1"},
				"up": {"uv": [1, 1, 0, 0], "texture": "#1"},
				"down": {"uv": [1, 0, 0, 1], "texture": "#1"}
			}
		},
		{
			"from": [7, 5.5, 9.3],
			"to": [8, 6.5, 10.3],
			"rotation": {"angle": 22.5, "axis": "x", "origin": [16, 7.5, 10.3]},
			"faces": {
				"north": {"uv": [0, 0, 1, 1], "texture": "#1"},
				"east": {"uv": [0, 0, 1, 1], "texture": "#1"},
				"south": {"uv": [0, 0, 1, 1], "texture": "#1"},
				"west": {"uv": [0, 0, 1, 1], "texture": "#1"},
				"up": {"uv": [1, 1, 0, 0], "texture": "#1"},
				"down": {"uv": [1, 0, 0, 1], "texture": "#1"}
			}
		},
		{
			"from": [7, 2.6, 9.7],
			"to": [8, 6.6, 9.95],
			"rotation": {"angle": 0, "axis": "x", "origin": [16, 5.6, 11.2]},
			"faces": {
				"north": {"uv": [0, 0, 1, 4], "texture": "#1"},
				"east": {"uv": [0, 0, 1, 4], "texture": "#1"},
				"south": {"uv": [0, 0, 1, 4], "texture": "#1"},
				"west": {"uv": [0, 0, 1, 4], "texture": "#1"},
				"up": {"uv": [1, 1, 0, 0], "texture": "#1"},
				"down": {"uv": [16, 0, 15, 1], "texture": "#1"}
			}
		},
		{
			"from": [7, 6, 8],
			"to": [8, 7, 9],
			"rotation": {"angle": 0, "axis": "y", "origin": [16, 8, 16]},
			"faces": {
				"north": {"uv": [15, 1, 16, 2], "texture": "#1"},
				"east": {"uv": [15, 0, 16, 1], "texture": "#1"},
				"south": {"uv": [15, 3, 16, 4], "texture": "#1"},
				"west": {"uv": [15, 0, 16, 1], "texture": "#1"},
				"up": {"uv": [3, 1, 2, 0], "texture": "#1"},
				"down": {"uv": [16, 0, 15, 1], "texture": "#1"}
			}
		}
	],
	"display": {
		"thirdperson_righthand": {
			"rotation": [0, 90, 0],
			"translation": [0.5, 6.5, 2]
		},
		"thirdperson_lefthand": {
			"rotation": [0, -90, 0],
			"translation": [-0.5, 5.25, 1.75]
		},
		"firstperson_righthand": {
			"rotation": [-50, 3, 0],
			"translation": [-0.25, 8.75, 1]
		},
		"firstperson_lefthand": {
			"rotation": [-21, 14, 0],
			"translation": [-1.25, 9.75, 2.25]
		},
		"ground": {
			"translation": [0, 5.5, 0]
		},
		"gui": {
			"rotation": [-79, 126, 90],
			"translation": [5.75, 7.5, 0],
			"scale": [2, 2, 2]
		},
		"head": {
			"rotation": [0, 90, 0],
			"translation": [2, 23.25, -2],
			"scale": [4, 4, 4]
		},
		"fixed": {
			"rotation": [0, -90, 0],
			"translation": [-0.75, 9, 0.25],
			"scale": [2, 2, 2]
		}
	}
}