{
	"credit": "Made with Blockbench",
	"textures": {
		"0": "other/logcier_extra1",
		"1": "other/logcier_barrel",
		"2": "other/logcier_gunthings",
		"3": "other/logciergunthings2",
		"4": "other/logcier_magazine",
		"5": "other/logcier_magazine2",
		"6": "other/logcier_extra2",
		"7": "other/logcier_sights",
		"8": "other/logcier_stock1",
		"9": "other/logcier_stock2",
		"10": "other/logcier_trigger",
		"particle": "other/logcier_extra1"
	},
	"elements": [
		{
			"from": [8.25, 8.5125, 4.075],
			"to": [8.7375, 9.1, 7.05],
			"rotation": {"angle": 0, "axis": "y", "origin": [15.9625, 14.85, 12.075]},
			"faces": {
				"north": {"uv": [0, 0, 0.4875, 0.5875], "texture": "#8"},
				"east": {"uv": [0, 0, 2.975, 0.5875], "texture": "#8"},
				"south": {"uv": [0, 0, 0.4875, 0.5875], "texture": "#8"},
				"west": {"uv": [0, 0, 2.975, 0.5875], "texture": "#8"},
				"up": {"uv": [0, 0, 0.4875, 2.975], "texture": "#8"},
				"down": {"uv": [0, 0, 0.4875, 2.975], "texture": "#8"}
			}
		},
		{
			"from": [8.0625, 6.225, 3.6125],
			"to": [8.875, 9.35, 3.9875],
			"rotation": {"angle": 0, "axis": "y", "origin": [15.9625, 14.85, 11.3125]},
			"faces": {
				"north": {"uv": [0, 0, 0.8125, 3.125], "texture": "#9"},
				"east": {"uv": [0, 0, 0.375, 3.125], "texture": "#9"},
				"south": {"uv": [0, 0, 0.8125, 3.125], "texture": "#9"},
				"west": {"uv": [0, 0, 0.375, 3.125], "texture": "#9"},
				"up": {"uv": [0, 0, 0.8125, 0.375], "texture": "#9"},
				"down": {"uv": [0, 0, 0.8125, 0.375], "texture": "#9"}
			}
		},
		{
			"from": [8.0625, 6.5375, 3.825],
			"to": [8.875, 9.35, 4.075],
			"rotation": {"angle": 0, "axis": "y", "origin": [15.9625, 14.85, 11.525]},
			"faces": {
				"north": {"uv": [0, 0, 0.8125, 2.8125], "texture": "#9"},
				"east": {"uv": [0, 0, 0.25, 2.8125], "texture": "#9"},
				"south": {"uv": [0, 0, 0.8125, 2.8125], "texture": "#9"},
				"west": {"uv": [0, 0, 0.25, 2.8125], "texture": "#9"},
				"up": {"uv": [0, 0, 0.8125, 0.25], "texture": "#9"},
				"down": {"uv": [0, 0, 0.8125, 0.25], "texture": "#9"}
			}
		},
		{
			"from": [8.0625, 6.1, 3.375],
			"to": [8.875, 9.35, 3.8125],
			"rotation": {"angle": 0, "axis": "y", "origin": [15.9625, 14.85, 11.075]},
			"faces": {
				"north": {"uv": [0, 0, 0.8125, 3.25], "texture": "#9"},
				"east": {"uv": [0, 0, 0.4375, 3.25], "texture": "#9"},
				"south": {"uv": [0, 0, 0.8125, 3.25], "texture": "#9"},
				"west": {"uv": [0, 0, 0.4375, 3.25], "texture": "#9"},
				"up": {"uv": [0, 0, 0.8125, 0.4375], "texture": "#9"},
				"down": {"uv": [0, 0, 0.8125, 0.4375], "texture": "#9"}
			}
		},
		{
			"from": [7.6875, 6.075, 10.7375],
			"to": [9.2, 7.575, 12.2625],
			"rotation": {"angle": 0, "axis": "y", "origin": [15.875, 13.075, 15.2625]},
			"faces": {
				"north": {"uv": [0, 0, 15.976, 15.996], "texture": "#4"},
				"east": {"uv": [0, 0, 15.989, 15.996], "texture": "#4"},
				"south": {"uv": [0, 0, 15.976, 15.996], "texture": "#4"},
				"west": {"uv": [0, 0, 16, 16], "texture": "#4"},
				"up": {"uv": [0, 0, 15.976, 15.989], "texture": "#4"},
				"down": {"uv": [0, 0, 15.976, 15.989], "texture": "#4"}
			}
		},
		{
			"from": [8.1375, 7.575, 10.7375],
			"to": [8.8375, 8.075, 12.2625],
			"rotation": {"angle": 0, "axis": "y", "origin": [15.875, 14.575, 15.2625]},
			"faces": {
				"north": {"uv": [0, 0, 0.7, 0.5], "texture": "#5"},
				"east": {"uv": [0, 0, 1.525, 0.5], "texture": "#5"},
				"south": {"uv": [0, 0, 0.7, 0.5], "texture": "#5"},
				"west": {"uv": [0, 0, 1.525, 0.5], "texture": "#5"},
				"up": {"uv": [0, 0, 0.7, 1.525], "texture": "#5"},
				"down": {"uv": [0, 0, 0.7, 1.525], "texture": "#5"}
			}
		},
		{
			"from": [8.2125, 7.10272, 8.17346],
			"to": [8.75, 7.26522, 9.82346],
			"rotation": {"angle": 0, "axis": "x", "origin": [8.48125, 7.10897, 9.31721]},
			"faces": {
				"north": {"uv": [0, 0, 0.5375, 0.1625], "rotation": 180, "texture": "#10"},
				"east": {"uv": [0, 0, 1.65, 0.1625], "rotation": 180, "texture": "#10"},
				"south": {"uv": [0, 0, 0.5375, 0.1625], "rotation": 180, "texture": "#10"},
				"west": {"uv": [0, 0, 1.65, 0.1625], "rotation": 180, "texture": "#10"},
				"up": {"uv": [0, 0, 0.5375, 1.65], "texture": "#10"},
				"down": {"uv": [0, 0, 0.5375, 1.65], "texture": "#10"}
			}
		},
		{
			"from": [8.2125, 7.14022, 9.46096],
			"to": [8.75, 8.35272, 9.96096],
			"rotation": {"angle": 22.5, "axis": "x", "origin": [8.48125, 7.43397, 9.71096]},
			"faces": {
				"north": {"uv": [0, 0, 0.5375, 1.2125], "rotation": 180, "texture": "#10"},
				"east": {"uv": [0, 0, 0.5, 1.2125], "rotation": 180, "texture": "#10"},
				"south": {"uv": [0, 0, 0.5375, 1.2125], "rotation": 180, "texture": "#10"},
				"west": {"uv": [0, 0, 0.5, 1.2125], "rotation": 180, "texture": "#10"},
				"up": {"uv": [0, 0, 0.5375, 0.5], "texture": "#10"},
				"down": {"uv": [0, 0, 0.5375, 0.5], "texture": "#10"}
			}
		},
		{
			"from": [8.2125, 6.0875, 7.6125],
			"to": [8.75, 7.6875, 8.3625],
			"rotation": {"angle": 22.5, "axis": "x", "origin": [8.5, 7.3125, 7.9875]},
			"faces": {
				"north": {"uv": [0, 0, 0.5375, 1.6], "texture": "#10"},
				"east": {"uv": [0, 0, 0.75, 1.6], "texture": "#10"},
				"south": {"uv": [0, 0, 0.5375, 1.6], "texture": "#10"},
				"west": {"uv": [0, 0, 0.75, 1.6], "texture": "#10"},
				"up": {"uv": [0, 0, 0.5375, 0.75], "texture": "#10"},
				"down": {"uv": [0, 0, 0.5375, 0.75], "texture": "#10"}
			}
		},
		{
			"from": [8.2125, 7.22772, 7.78596],
			"to": [8.75, 7.89022, 8.46096],
			"rotation": {"angle": 0, "axis": "x", "origin": [8.48125, 7.32147, 8.47971]},
			"faces": {
				"north": {"uv": [0, 0, 0.5375, 0.6625], "rotation": 180, "texture": "#10"},
				"east": {"uv": [0, 0, 0.675, 0.6625], "rotation": 180, "texture": "#10"},
				"south": {"uv": [0, 0, 0.5375, 0.6625], "rotation": 180, "texture": "#10"},
				"west": {"uv": [0, 0, 0.675, 0.6625], "rotation": 180, "texture": "#10"},
				"up": {"uv": [0, 0, 0.5375, 0.675], "texture": "#10"},
				"down": {"uv": [0, 0, 0.5375, 0.675], "texture": "#10"}
			}
		},
		{
			"from": [8.3375, 7.49022, 8.72346],
			"to": [8.6, 7.89022, 8.84846],
			"rotation": {"angle": 0, "axis": "x", "origin": [8.48125, 7.32147, 9.41721]},
			"faces": {
				"north": {"uv": [0, 0, 0.2625, 0.4], "rotation": 180, "texture": "#10"},
				"east": {"uv": [0, 0, 0.125, 0.4], "rotation": 180, "texture": "#10"},
				"south": {"uv": [0, 0, 0.2625, 0.4], "rotation": 180, "texture": "#10"},
				"west": {"uv": [0, 0, 0.125, 0.4], "rotation": 180, "texture": "#10"},
				"up": {"uv": [0, 0, 0.2625, 0.125], "texture": "#10"},
				"down": {"uv": [0, 0, 0.2625, 0.125], "texture": "#10"}
			}
		},
		{
			"from": [8.3375, 7.35272, 8.67346],
			"to": [8.6, 7.57772, 8.79846],
			"rotation": {"angle": -22.5, "axis": "x", "origin": [8.48125, 7.69022, 8.73596]},
			"faces": {
				"north": {"uv": [0, 0, 0.2625, 0.225], "rotation": 180, "texture": "#10"},
				"east": {"uv": [0, 0, 0.125, 0.225], "rotation": 180, "texture": "#10"},
				"south": {"uv": [0, 0, 0.2625, 0.225], "rotation": 180, "texture": "#10"},
				"west": {"uv": [0, 0, 0.125, 0.225], "rotation": 180, "texture": "#10"},
				"up": {"uv": [0, 0, 0.2625, 0.125], "texture": "#10"},
				"down": {"uv": [0, 0, 0.2625, 0.125], "texture": "#10"}
			}
		},
		{
			"from": [8.0875, 9.125, 7.6375],
			"to": [8.25, 9.8625, 8.5625],
			"rotation": {"angle": 0, "axis": "y", "origin": [16, 15.3625, 15.7375]},
			"faces": {
				"north": {"uv": [0, 0, 0.1625, 0.7375], "texture": "#7"},
				"east": {"uv": [0, 0, 0.925, 0.7375], "texture": "#7"},
				"south": {"uv": [0, 0, 0.1625, 0.7375], "texture": "#7"},
				"west": {"uv": [0, 0, 0.925, 0.7375], "texture": "#7"},
				"up": {"uv": [0, 0, 0.1625, 0.925], "texture": "#7"},
				"down": {"uv": [0, 0, 0.1625, 0.925], "texture": "#7"}
			}
		},
		{
			"from": [8.1125, 9.425, 8.45],
			"to": [8.85, 9.85, 8.6],
			"rotation": {"angle": 0, "axis": "y", "origin": [16, 16.5625, 16.3375]},
			"faces": {
				"north": {"uv": [0, 0, 0.7375, 0.425], "texture": "#7"},
				"east": {"uv": [0, 0, 0.15, 0.425], "texture": "#7"},
				"south": {"uv": [0, 0, 0.7375, 0.425], "texture": "#7"},
				"west": {"uv": [0, 0, 0.15, 0.425], "texture": "#7"},
				"up": {"uv": [0, 0, 0.7375, 0.15], "texture": "#7"},
				"down": {"uv": [0, 0, 0.7375, 0.15], "texture": "#7"}
			}
		},
		{
			"from": [8.725, 9.125, 7.6375],
			"to": [8.875, 9.8625, 8.5625],
			"rotation": {"angle": 0, "axis": "y", "origin": [16.6625, 15.3625, 15.7375]},
			"faces": {
				"north": {"uv": [0, 0, 0.15, 0.7375], "texture": "#7"},
				"east": {"uv": [0, 0, 0.925, 0.7375], "texture": "#7"},
				"south": {"uv": [0, 0, 0.15, 0.7375], "texture": "#7"},
				"west": {"uv": [0, 0, 0.925, 0.7375], "texture": "#7"},
				"up": {"uv": [0, 0, 0.15, 0.925], "texture": "#7"},
				"down": {"uv": [0, 0, 0.15, 0.925], "texture": "#7"}
			}
		},
		{
			"from": [8.3625, 10.1, 8.0125],
			"to": [8.6, 10.1375, 8.1625],
			"rotation": {"angle": 0, "axis": "z", "origin": [8.48125, 10.11875, 8.0875]},
			"faces": {
				"north": {"uv": [0, 0, 0.0375, 0.2375], "rotation": 270, "texture": "#7"},
				"east": {"uv": [0, 0, 0.0375, 0.15], "rotation": 90, "texture": "#7"},
				"south": {"uv": [0, 0, 0.0375, 0.2375], "rotation": 90, "texture": "#7"},
				"west": {"uv": [0, 0, 0.0375, 0.15], "rotation": 90, "texture": "#7"},
				"up": {"uv": [0, 0, 0.15, 0.2375], "rotation": 90, "texture": "#7"},
				"down": {"uv": [0, 0, 0.15, 0.2375], "rotation": 90, "texture": "#7"}
			}
		},
		{
			"from": [8.575, 9.875, 8.0125],
			"to": [8.6125, 10.1125, 8.1625],
			"rotation": {"angle": 0, "axis": "y", "origin": [16, 17.0125, 15.9]},
			"faces": {
				"north": {"uv": [0, 0, 0.0375, 0.2375], "texture": "#7"},
				"east": {"uv": [0, 0, 0.15, 0.2375], "texture": "#7"},
				"south": {"uv": [0, 0, 0.0375, 0.2375], "texture": "#7"},
				"west": {"uv": [0, 0, 0.15, 0.2375], "texture": "#7"},
				"up": {"uv": [0, 0, 0.0375, 0.15], "texture": "#7"},
				"down": {"uv": [0, 0, 0.0375, 0.15], "texture": "#7"}
			}
		},
		{
			"from": [8.3375, 9.6375, 8.0125],
			"to": [8.6125, 9.875, 8.1625],
			"rotation": {"angle": 0, "axis": "y", "origin": [16, 16.775, 15.9]},
			"faces": {
				"north": {"uv": [0, 0, 0.275, 0.2375], "texture": "#7"},
				"east": {"uv": [0, 0, 0.15, 0.2375], "texture": "#7"},
				"south": {"uv": [0, 0, 0.275, 0.2375], "texture": "#7"},
				"west": {"uv": [0, 0, 0.15, 0.2375], "texture": "#7"},
				"up": {"uv": [0, 0, 0.275, 0.15], "texture": "#7"},
				"down": {"uv": [0, 0, 0.275, 0.15], "texture": "#7"}
			}
		},
		{
			"from": [8.1125, 9.425, 8.0125],
			"to": [8.85, 9.6625, 8.1625],
			"rotation": {"angle": 0, "axis": "y", "origin": [16, 16.5625, 15.9]},
			"faces": {
				"north": {"uv": [0, 0, 0.7375, 0.2375], "texture": "#7"},
				"east": {"uv": [0, 0, 0.15, 0.2375], "texture": "#7"},
				"south": {"uv": [0, 0, 0.7375, 0.2375], "texture": "#7"},
				"west": {"uv": [0, 0, 0.15, 0.2375], "texture": "#7"},
				"up": {"uv": [0, 0, 0.7375, 0.15], "texture": "#7"},
				"down": {"uv": [0, 0, 0.7375, 0.15], "texture": "#7"}
			}
		},
		{
			"from": [8.4125, 9.5375, 17.275],
			"to": [8.55, 9.95, 17.5],
			"rotation": {"angle": 0, "axis": "y", "origin": [16, 16.1875, 25.275]},
			"faces": {
				"north": {"uv": [0, 0, 0.1375, 0.4125], "texture": "#7"},
				"east": {"uv": [0, 0, 0.225, 0.4125], "texture": "#7"},
				"south": {"uv": [0, 0, 0.1375, 0.4125], "texture": "#7"},
				"west": {"uv": [0, 0, 0.225, 0.4125], "texture": "#7"},
				"up": {"uv": [0, 0, 0.1375, 0.225], "texture": "#7"},
				"down": {"uv": [0, 0, 0.1375, 0.225], "texture": "#7"}
			}
		},
		{
			"from": [8.3375, 9.875, 8.0125],
			"to": [8.375, 10.1125, 8.1625],
			"rotation": {"angle": 0, "axis": "y", "origin": [15.7625, 17.0125, 15.9]},
			"faces": {
				"north": {"uv": [0, 0, 0.0375, 0.2375], "texture": "#7"},
				"east": {"uv": [0, 0, 0.15, 0.2375], "texture": "#7"},
				"south": {"uv": [0, 0, 0.0375, 0.2375], "texture": "#7"},
				"west": {"uv": [0, 0, 0.15, 0.2375], "texture": "#7"},
				"up": {"uv": [0, 0, 0.0375, 0.15], "texture": "#7"},
				"down": {"uv": [0, 0, 0.0375, 0.15], "texture": "#7"}
			}
		},
		{
			"from": [8.1125, 9.425, 8.725],
			"to": [8.85, 9.5625, 8.875],
			"rotation": {"angle": 0, "axis": "y", "origin": [16, 16.5625, 16.6125]},
			"faces": {
				"north": {"uv": [0, 0, 0.7375, 0.1375], "texture": "#6"},
				"east": {"uv": [0, 0, 0.15, 0.1375], "texture": "#6"},
				"south": {"uv": [0, 0, 0.7375, 0.1375], "texture": "#6"},
				"west": {"uv": [0, 0, 0.15, 0.1375], "texture": "#6"},
				"up": {"uv": [0, 0, 0.7375, 0.15], "texture": "#6"},
				"down": {"uv": [0, 0, 0.7375, 0.15], "texture": "#6"}
			}
		},
		{
			"from": [8.1125, 9.425, 9],
			"to": [8.85, 9.5625, 9.15],
			"rotation": {"angle": 0, "axis": "y", "origin": [16, 16.5625, 16.8875]},
			"faces": {
				"north": {"uv": [0, 0, 0.7375, 0.1375], "texture": "#6"},
				"east": {"uv": [0, 0, 0.15, 0.1375], "texture": "#6"},
				"south": {"uv": [0, 0, 0.7375, 0.1375], "texture": "#6"},
				"west": {"uv": [0, 0, 0.15, 0.1375], "texture": "#6"},
				"up": {"uv": [0, 0, 0.7375, 0.15], "texture": "#6"},
				"down": {"uv": [0, 0, 0.7375, 0.15], "texture": "#6"}
			}
		},
		{
			"from": [8.1125, 9.425, 9.2875],
			"to": [8.85, 9.5625, 9.4375],
			"rotation": {"angle": 0, "axis": "y", "origin": [16, 16.5625, 17.175]},
			"faces": {
				"north": {"uv": [0, 0, 0.7375, 0.1375], "texture": "#6"},
				"east": {"uv": [0, 0, 0.15, 0.1375], "texture": "#6"},
				"south": {"uv": [0, 0, 0.7375, 0.1375], "texture": "#6"},
				"west": {"uv": [0, 0, 0.15, 0.1375], "texture": "#6"},
				"up": {"uv": [0, 0, 0.7375, 0.15], "texture": "#6"},
				"down": {"uv": [0, 0, 0.7375, 0.15], "texture": "#6"}
			}
		},
		{
			"from": [8.1125, 9.425, 9.5375],
			"to": [8.85, 9.5625, 9.6875],
			"rotation": {"angle": 0, "axis": "y", "origin": [16, 16.5625, 17.425]},
			"faces": {
				"north": {"uv": [0, 0, 0.7375, 0.1375], "texture": "#6"},
				"east": {"uv": [0, 0, 0.15, 0.1375], "texture": "#6"},
				"south": {"uv": [0, 0, 0.7375, 0.1375], "texture": "#6"},
				"west": {"uv": [0, 0, 0.15, 0.1375], "texture": "#6"},
				"up": {"uv": [0, 0, 0.7375, 0.15], "texture": "#6"},
				"down": {"uv": [0, 0, 0.7375, 0.15], "texture": "#6"}
			}
		},
		{
			"from": [8.1125, 9.425, 12.375],
			"to": [8.85, 9.5625, 12.525],
			"rotation": {"angle": 0, "axis": "y", "origin": [16, 16.5625, 20.2625]},
			"faces": {
				"north": {"uv": [0, 0, 0.7375, 0.1375], "texture": "#6"},
				"east": {"uv": [0, 0, 0.15, 0.1375], "texture": "#6"},
				"south": {"uv": [0, 0, 0.7375, 0.1375], "texture": "#6"},
				"west": {"uv": [0, 0, 0.15, 0.1375], "texture": "#6"},
				"up": {"uv": [0, 0, 0.7375, 0.15], "texture": "#6"},
				"down": {"uv": [0, 0, 0.7375, 0.15], "texture": "#6"}
			}
		},
		{
			"from": [8.1125, 9.425, 9.825],
			"to": [8.85, 9.5625, 9.975],
			"rotation": {"angle": 0, "axis": "y", "origin": [16, 16.5625, 17.7125]},
			"faces": {
				"north": {"uv": [0, 0, 0.7375, 0.1375], "texture": "#6"},
				"east": {"uv": [0, 0, 0.15, 0.1375], "texture": "#6"},
				"south": {"uv": [0, 0, 0.7375, 0.1375], "texture": "#6"},
				"west": {"uv": [0, 0, 0.15, 0.1375], "texture": "#6"},
				"up": {"uv": [0, 0, 0.7375, 0.15], "texture": "#6"},
				"down": {"uv": [0, 0, 0.7375, 0.15], "texture": "#6"}
			}
		},
		{
			"from": [8.1125, 9.425, 12.6625],
			"to": [8.85, 9.5625, 12.8125],
			"rotation": {"angle": 0, "axis": "y", "origin": [16, 16.5625, 20.55]},
			"faces": {
				"north": {"uv": [0, 0, 0.7375, 0.1375], "texture": "#6"},
				"east": {"uv": [0, 0, 0.15, 0.1375], "texture": "#6"},
				"south": {"uv": [0, 0, 0.7375, 0.1375], "texture": "#6"},
				"west": {"uv": [0, 0, 0.15, 0.1375], "texture": "#6"},
				"up": {"uv": [0, 0, 0.7375, 0.15], "texture": "#6"},
				"down": {"uv": [0, 0, 0.7375, 0.15], "texture": "#6"}
			}
		},
		{
			"from": [8.1125, 9.425, 10.1125],
			"to": [8.85, 9.5625, 10.2625],
			"rotation": {"angle": 0, "axis": "y", "origin": [16, 16.5625, 18]},
			"faces": {
				"north": {"uv": [0, 0, 0.7375, 0.1375], "texture": "#6"},
				"east": {"uv": [0, 0, 0.15, 0.1375], "texture": "#6"},
				"south": {"uv": [0, 0, 0.7375, 0.1375], "texture": "#6"},
				"west": {"uv": [0, 0, 0.15, 0.1375], "texture": "#6"},
				"up": {"uv": [0, 0, 0.7375, 0.15], "texture": "#6"},
				"down": {"uv": [0, 0, 0.7375, 0.15], "texture": "#6"}
			}
		},
		{
			"from": [8.1125, 9.425, 12.95],
			"to": [8.85, 9.5625, 13.1],
			"rotation": {"angle": 0, "axis": "y", "origin": [16, 16.5625, 20.8375]},
			"faces": {
				"north": {"uv": [0, 0, 0.7375, 0.1375], "texture": "#6"},
				"east": {"uv": [0, 0, 0.15, 0.1375], "texture": "#6"},
				"south": {"uv": [0, 0, 0.7375, 0.1375], "texture": "#6"},
				"west": {"uv": [0, 0, 0.15, 0.1375], "texture": "#6"},
				"up": {"uv": [0, 0, 0.7375, 0.15], "texture": "#6"},
				"down": {"uv": [0, 0, 0.7375, 0.15], "texture": "#6"}
			}
		},
		{
			"from": [8.1125, 9.425, 10.3625],
			"to": [8.85, 9.5625, 10.5125],
			"rotation": {"angle": 0, "axis": "y", "origin": [16, 16.5625, 18.25]},
			"faces": {
				"north": {"uv": [0, 0, 0.7375, 0.1375], "texture": "#6"},
				"east": {"uv": [0, 0, 0.15, 0.1375], "texture": "#6"},
				"south": {"uv": [0, 0, 0.7375, 0.1375], "texture": "#6"},
				"west": {"uv": [0, 0, 0.15, 0.1375], "texture": "#6"},
				"up": {"uv": [0, 0, 0.7375, 0.15], "texture": "#6"},
				"down": {"uv": [0, 0, 0.7375, 0.15], "texture": "#6"}
			}
		},
		{
			"from": [8.1125, 9.425, 13.2],
			"to": [8.85, 9.5625, 13.35],
			"rotation": {"angle": 0, "axis": "y", "origin": [16, 16.5625, 21.0875]},
			"faces": {
				"north": {"uv": [0, 0, 0.7375, 0.1375], "texture": "#6"},
				"east": {"uv": [0, 0, 0.15, 0.1375], "texture": "#6"},
				"south": {"uv": [0, 0, 0.7375, 0.1375], "texture": "#6"},
				"west": {"uv": [0, 0, 0.15, 0.1375], "texture": "#6"},
				"up": {"uv": [0, 0, 0.7375, 0.15], "texture": "#6"},
				"down": {"uv": [0, 0, 0.7375, 0.15], "texture": "#6"}
			}
		},
		{
			"from": [8.1125, 9.425, 7.3625],
			"to": [8.85, 9.5625, 7.5125],
			"rotation": {"angle": 0, "axis": "y", "origin": [16, 16.5625, 15.25]},
			"faces": {
				"north": {"uv": [0, 0, 0.7375, 0.1375], "texture": "#6"},
				"east": {"uv": [0, 0, 0.15, 0.1375], "texture": "#6"},
				"south": {"uv": [0, 0, 0.7375, 0.1375], "texture": "#6"},
				"west": {"uv": [0, 0, 0.15, 0.1375], "texture": "#6"},
				"up": {"uv": [0, 0, 0.7375, 0.15], "texture": "#6"},
				"down": {"uv": [0, 0, 0.7375, 0.15], "texture": "#6"}
			}
		},
		{
			"from": [8.1125, 9.425, 7.1125],
			"to": [8.85, 9.5625, 7.2625],
			"rotation": {"angle": 0, "axis": "y", "origin": [16, 16.5625, 15]},
			"faces": {
				"north": {"uv": [0, 0, 0.7375, 0.1375], "texture": "#6"},
				"east": {"uv": [0, 0, 0.15, 0.1375], "texture": "#6"},
				"south": {"uv": [0, 0, 0.7375, 0.1375], "texture": "#6"},
				"west": {"uv": [0, 0, 0.15, 0.1375], "texture": "#6"},
				"up": {"uv": [0, 0, 0.7375, 0.15], "texture": "#6"},
				"down": {"uv": [0, 0, 0.7375, 0.15], "texture": "#6"}
			}
		},
		{
			"from": [8.1125, 9.425, 7.6125],
			"to": [8.85, 9.5625, 7.7625],
			"rotation": {"angle": 0, "axis": "y", "origin": [16, 16.5625, 15.5]},
			"faces": {
				"north": {"uv": [0, 0, 0.7375, 0.1375], "texture": "#6"},
				"east": {"uv": [0, 0, 0.15, 0.1375], "texture": "#6"},
				"south": {"uv": [0, 0, 0.7375, 0.1375], "texture": "#6"},
				"west": {"uv": [0, 0, 0.15, 0.1375], "texture": "#6"},
				"up": {"uv": [0, 0, 0.7375, 0.15], "texture": "#6"},
				"down": {"uv": [0, 0, 0.7375, 0.15], "texture": "#6"}
			}
		},
		{
			"from": [8.3125, 8.9, 15.9],
			"to": [8.675, 9.175, 18.5625],
			"rotation": {"angle": 0, "axis": "y", "origin": [16, 15, 23.9]},
			"faces": {
				"north": {"uv": [0, 0, 0.3625, 0.275], "texture": "#1"},
				"east": {"uv": [0, 0, 2.6625, 0.275], "texture": "#1"},
				"south": {"uv": [0, 0, 0.3625, 0.275], "texture": "#1"},
				"west": {"uv": [0, 0, 2.6625, 0.275], "texture": "#1"},
				"up": {"uv": [0, 0, 0.3625, 2.6625], "texture": "#1"},
				"down": {"uv": [0, 0, 0.3625, 2.6625], "texture": "#1"}
			}
		},
		{
			"from": [8.3125, 8.35, 17.275],
			"to": [8.675, 9.6125, 17.5],
			"rotation": {"angle": 0, "axis": "y", "origin": [16, 15, 25.275]},
			"faces": {
				"north": {"uv": [0, 0, 0.3625, 1.2625], "texture": "#1"},
				"east": {"uv": [0, 0, 0.225, 1.2625], "texture": "#1"},
				"south": {"uv": [0, 0, 0.3625, 1.2625], "texture": "#1"},
				"west": {"uv": [0, 0, 0.225, 1.2625], "texture": "#1"},
				"up": {"uv": [0, 0, 0.3625, 0.225], "texture": "#1"},
				"down": {"uv": [0, 0, 0.3625, 0.225], "texture": "#1"}
			}
		},
		{
			"from": [8.3125, 8.35, 15.9],
			"to": [8.675, 8.625, 17.375],
			"rotation": {"angle": 0, "axis": "y", "origin": [16, 14.45, 23.9]},
			"faces": {
				"north": {"uv": [0, 0, 0.3625, 0.275], "texture": "#1"},
				"east": {"uv": [0, 0, 1.475, 0.275], "texture": "#1"},
				"south": {"uv": [0, 0, 0.3625, 0.275], "texture": "#1"},
				"west": {"uv": [0, 0, 1.475, 0.275], "texture": "#1"},
				"up": {"uv": [0, 0, 0.3625, 1.475], "texture": "#1"},
				"down": {"uv": [0, 0, 0.3625, 1.475], "texture": "#1"}
			}
		},
		{
			"from": [8.1125, 9.425, 8.1625],
			"to": [8.85, 9.5625, 8.3125],
			"rotation": {"angle": 0, "axis": "y", "origin": [16, 16.5625, 16.05]},
			"faces": {
				"north": {"uv": [0, 0, 0.7375, 0.1375], "texture": "#2"},
				"east": {"uv": [0, 0, 0.15, 0.1375], "texture": "#2"},
				"south": {"uv": [0, 0, 0.7375, 0.1375], "texture": "#2"},
				"west": {"uv": [0, 0, 0.15, 0.1375], "texture": "#2"},
				"up": {"uv": [0, 0, 0.7375, 0.15], "texture": "#2"},
				"down": {"uv": [0, 0, 0.7375, 0.15], "texture": "#2"}
			}
		},
		{
			"from": [8.0625, 8.6875, 7.125],
			"to": [8.9125, 9.425, 9.7875],
			"rotation": {"angle": 0, "axis": "y", "origin": [16, 14.925, 15]},
			"faces": {
				"north": {"uv": [0, 0, 0.85, 0.7375], "texture": "#2"},
				"east": {"uv": [0, 0, 2.6625, 0.7375], "texture": "#2"},
				"south": {"uv": [0, 0, 0.85, 0.7375], "texture": "#2"},
				"west": {"uv": [0, 0, 2.6625, 0.7375], "texture": "#2"},
				"up": {"uv": [0, 0, 0.85, 2.6625], "texture": "#2"},
				"down": {"uv": [0, 0, 0.85, 2.6625], "texture": "#2"}
			}
		},
		{
			"from": [8, 7.8625, 6.9875],
			"to": [9, 9.4375, 7.175],
			"rotation": {"angle": 0, "axis": "y", "origin": [16, 15, 12.425]},
			"faces": {
				"north": {"uv": [0, 0, 1, 1.575], "texture": "#2"},
				"east": {"uv": [0, 0, 0.1875, 1.575], "texture": "#2"},
				"south": {"uv": [0, 0, 1, 1.575], "texture": "#2"},
				"west": {"uv": [0, 0, 0.1875, 1.575], "texture": "#2"},
				"up": {"uv": [0, 0, 1, 0.1875], "texture": "#2"},
				"down": {"uv": [0, 0, 1, 0.1875], "texture": "#2"}
			}
		},
		{
			"from": [8, 8, 10.75],
			"to": [8.5, 8.975, 12.25],
			"rotation": {"angle": 0, "axis": "y", "origin": [15.5, 15, 15]},
			"faces": {
				"north": {"uv": [0, 0, 0.5, 0.975], "texture": "#2"},
				"east": {"uv": [0, 0, 1.5, 0.975], "texture": "#2"},
				"south": {"uv": [0, 0, 0.5, 0.975], "texture": "#2"},
				"west": {"uv": [0, 0, 1.5, 0.975], "texture": "#2"},
				"up": {"uv": [0, 0, 0.5, 1.5], "texture": "#2"},
				"down": {"uv": [0, 0, 0.5, 1.5], "texture": "#2"}
			}
		},
		{
			"from": [8, 7.8625, 7],
			"to": [9, 8.75, 9.75],
			"rotation": {"angle": 0, "axis": "y", "origin": [16, 15, 15]},
			"faces": {
				"north": {"uv": [0, 0, 1, 0.8875], "texture": "#2"},
				"east": {"uv": [0, 0, 2.75, 0.8875], "texture": "#2"},
				"south": {"uv": [0, 0, 1, 0.8875], "texture": "#2"},
				"west": {"uv": [0, 0, 2.75, 0.8875], "texture": "#2"},
				"up": {"uv": [0, 0, 1, 2.75], "texture": "#2"},
				"down": {"uv": [0, 0, 1, 2.75], "texture": "#2"}
			}
		},
		{
			"from": [7.9875, 9.15, 10.75],
			"to": [9.025, 9.55, 12.25],
			"rotation": {"angle": 0, "axis": "y", "origin": [16, 16.3, 15]},
			"faces": {
				"north": {"uv": [0, 0, 1.0375, 0.4], "texture": "#3"},
				"east": {"uv": [0, 0, 1.5, 0.4], "texture": "#3"},
				"south": {"uv": [0, 0, 1.0375, 0.4], "texture": "#3"},
				"west": {"uv": [0, 0, 1.5, 0.4], "texture": "#3"},
				"up": {"uv": [0, 0, 1.0375, 1.5], "texture": "#3"},
				"down": {"uv": [0, 0, 1.0375, 1.5], "texture": "#3"}
			}
		},
		{
			"from": [8.3625, 8, 10.75],
			"to": [9, 9.3, 12.25],
			"rotation": {"angle": 0, "axis": "y", "origin": [16, 15, 15]},
			"faces": {
				"north": {"uv": [0, 0, 0.6375, 1.3], "texture": "#2"},
				"east": {"uv": [0, 0, 1.5, 1.3], "texture": "#2"},
				"south": {"uv": [0, 0, 0.6375, 1.3], "texture": "#2"},
				"west": {"uv": [0, 0, 1.5, 1.3], "texture": "#2"},
				"up": {"uv": [0, 0, 0.6375, 1.5], "texture": "#2"},
				"down": {"uv": [0, 0, 0.6375, 1.5], "texture": "#2"}
			}
		},
		{
			"from": [8, 8, 12.25],
			"to": [9, 9.3375, 13.5],
			"rotation": {"angle": 0, "axis": "y", "origin": [16, 15, 17.5]},
			"faces": {
				"north": {"uv": [0, 0, 1, 1.3375], "texture": "#2"},
				"east": {"uv": [0, 0, 1.25, 1.3375], "texture": "#2"},
				"south": {"uv": [0, 0, 1, 1.3375], "texture": "#2"},
				"west": {"uv": [0, 0, 1.25, 1.3375], "texture": "#2"},
				"up": {"uv": [0, 0, 1, 1.25], "texture": "#2"},
				"down": {"uv": [0, 0, 1, 1.25], "texture": "#2"}
			}
		},
		{
			"from": [8.05, 8.7, 9.75],
			"to": [8.925, 9.425, 10.75],
			"rotation": {"angle": 0, "axis": "y", "origin": [16, 14.925, 15]},
			"faces": {
				"north": {"uv": [0, 0, 0.875, 0.725], "texture": "#2"},
				"east": {"uv": [0, 0, 1, 0.725], "texture": "#2"},
				"south": {"uv": [0, 0, 0.875, 0.725], "texture": "#2"},
				"west": {"uv": [0, 0, 1, 0.725], "texture": "#2"},
				"up": {"uv": [0, 0, 0.875, 1], "texture": "#2"},
				"down": {"uv": [0, 0, 0.875, 1], "texture": "#2"}
			}
		},
		{
			"from": [8, 8, 9.75],
			"to": [9, 8.75, 10.75],
			"rotation": {"angle": 0, "axis": "y", "origin": [16, 15, 15]},
			"faces": {
				"north": {"uv": [0, 0, 1, 0.75], "texture": "#2"},
				"east": {"uv": [0, 0, 1, 0.75], "texture": "#2"},
				"south": {"uv": [0, 0, 1, 0.75], "texture": "#2"},
				"west": {"uv": [0, 0, 1, 0.75], "texture": "#2"},
				"up": {"uv": [0, 0, 1, 1], "texture": "#2"},
				"down": {"uv": [0, 0, 1, 1], "texture": "#2"}
			}
		},
		{
			"from": [7.9125, 7.975, 13.4875],
			"to": [9.0625, 9.4, 16.2375],
			"rotation": {"angle": 0, "axis": "y", "origin": [16, 15, 21.4875]},
			"faces": {
				"north": {"uv": [0, 0, 1.15, 1.425], "texture": "#0"},
				"east": {"uv": [0, 0, 2.75, 1.425], "texture": "#0"},
				"south": {"uv": [0, 0, 1.15, 1.425], "texture": "#0"},
				"west": {"uv": [0, 0, 2.75, 1.425], "texture": "#0"},
				"up": {"uv": [0, 0, 1.15, 2.75], "texture": "#0"},
				"down": {"uv": [0, 0, 1.15, 2.75], "texture": "#0"}
			}
		},
		{
			"from": [8.2625, 5.975, 14.675],
			"to": [8.7375, 8.0125, 15.1375],
			"rotation": {"angle": 0, "axis": "y", "origin": [16, 13.5, 21.7625]},
			"faces": {
				"north": {"uv": [0, 0, 0.475, 2.0375], "texture": "#0"},
				"east": {"uv": [0, 0, 0.4625, 2.0375], "texture": "#0"},
				"south": {"uv": [0, 0, 0.475, 2.0375], "texture": "#0"},
				"west": {"uv": [0, 0, 0.4625, 2.0375], "texture": "#0"},
				"up": {"uv": [0, 0, 0.475, 0.4625], "texture": "#0"},
				"down": {"uv": [0, 0, 0.475, 0.4625], "texture": "#0"}
			}
		}
	],
	"display": {
		"thirdperson_righthand": {
			"rotation": [0, -180, 0],
			"translation": [0.75, 0, 0.75]
		},
		"thirdperson_lefthand": {
			"rotation": [0, -180, 0],
			"translation": [-0.5, 0, 0.75]
		},
		"firstperson_righthand": {
			"rotation": [0, 169, 0],
			"translation": [6.5, 2.5, 5.25],
			"scale": [1.47, 1.47, 1.47]
		},
		"firstperson_lefthand": {
			"rotation": [0, 169, 0],
			"translation": [6.5, 2.5, 5.25],
			"scale": [1.47, 1.47, 1.47]
		},
		"ground": {
			"rotation": [0, 0, 90],
			"translation": [0, -3.25, -3.25]
		},
		"gui": {
			"rotation": [-90, 45, 90],
			"translation": [-1.25, -1.5, 0]
		},
		"fixed": {
			"rotation": [0, -90, 0],
			"translation": [3.25, 0.25, -1.25],
			"scale": [1.22, 1.22, 1.22]
		}
	},
	"groups": [
		{
			"name": "stock",
			"origin": [15.9625, 14.85, 11.075],
			"color": 0,
			"children": [0, 1, 2, 3]
		},
		{
			"name": "magazine",
			"origin": [15.875, 14.575, 15.2625],
			"color": 0,
			"children": [4, 5]
		},
		{
			"name": "triggerguard/grip",
			"origin": [8.48125, 7.69022, 8.73596],
			"color": 0,
			"children": [6, 7, 8, 9, 10, 11]
		},
		{
			"name": "sights",
			"origin": [16, 16.1875, 25.275],
			"color": 0,
			"children": [12, 13, 14, 15, 16, 17, 18, 19, 20]
		},
		{
			"name": "extra2",
			"origin": [16, 16.5625, 15.5],
			"color": 0,
			"children": [21, 22, 23, 24, 25, 26, 27, 28, 29, 30, 31, 32, 33, 34]
		},
		{
			"name": "barrel",
			"origin": [16, 15, 25.275],
			"color": 0,
			"children": [35, 36, 37]
		},
		{
			"name": "gun things",
			"origin": [16, 15, 15],
			"color": 0,
			"children": [38, 39, 40, 41, 42, 43, 44, 45, 46, 47]
		},
		{
			"name": "extra1",
			"origin": [16, 13.5, 21.7625],
			"color": 0,
			"children": [48, 49]
		}
	]
}