{
	"credit": "Made with Blockbench",
	"textures": {
		"0": "other/adrenaline1",
		"1": "other/adrenalin2",
		"2": "other/adrenaline3",
		"particle": "other/adrenaline1"
	},
	"elements": [
		{
			"from": [6.475, 14, 8.1],
			"to": [6.725, 14.75, 8.85],
			"rotation": {"angle": 0, "axis": "y", "origin": [6.6, 14.5, 8.475]},
			"faces": {
				"north": {"uv": [0, 0, 0.25, 0.75], "texture": "#0"},
				"east": {"uv": [0, 0, 0.75, 0.75], "texture": "#0"},
				"south": {"uv": [0, 0, 0.25, 0.75], "texture": "#0"},
				"west": {"uv": [0, 0, 0.75, 0.75], "texture": "#0"},
				"up": {"uv": [0, 0, 0.75, 0.25], "rotation": 270, "texture": "#0"},
				"down": {"uv": [0, 0, 0.75, 0.25], "rotation": 90, "texture": "#0"}
			}
		},
		{
			"from": [6.625, 14, 8.75],
			"to": [7.375, 14.75, 9],
			"rotation": {"angle": 0, "axis": "y", "origin": [6.875, 14.5, 8.5]},
			"faces": {
				"north": {"uv": [0, 0, 0.75, 0.75], "texture": "#0"},
				"east": {"uv": [0, 0, 0.25, 0.75], "texture": "#0"},
				"south": {"uv": [0, 0, 0.75, 0.75], "texture": "#0"},
				"west": {"uv": [0, 0, 0.25, 0.75], "texture": "#0"},
				"up": {"uv": [0, 0, 0.75, 0.25], "texture": "#0"},
				"down": {"uv": [0, 0, 0.75, 0.25], "texture": "#0"}
			}
		},
		{
			"from": [6.625, 14, 8],
			"to": [7.375, 14.75, 8.25],
			"rotation": {"angle": 0, "axis": "y", "origin": [6.875, 14.5, 7.75]},
			"faces": {
				"north": {"uv": [0, 0, 0.75, 0.75], "texture": "#0"},
				"east": {"uv": [0, 0, 0.25, 0.75], "texture": "#0"},
				"south": {"uv": [0, 0, 0.75, 0.75], "texture": "#0"},
				"west": {"uv": [0, 0, 0.25, 0.75], "texture": "#0"},
				"up": {"uv": [0, 0, 0.75, 0.25], "texture": "#0"},
				"down": {"uv": [0, 0, 0.75, 0.25], "texture": "#0"}
			}
		},
		{
			"from": [7.25, 14, 8.1],
			"to": [7.5, 14.75, 8.85],
			"rotation": {"angle": 0, "axis": "y", "origin": [7.375, 14.5, 8.475]},
			"faces": {
				"north": {"uv": [0, 0, 0.25, 0.75], "texture": "#0"},
				"east": {"uv": [0, 0, 0.75, 0.75], "texture": "#0"},
				"south": {"uv": [0, 0, 0.25, 0.75], "texture": "#0"},
				"west": {"uv": [0, 0, 0.75, 0.75], "texture": "#0"},
				"up": {"uv": [0, 0, 0.75, 0.25], "rotation": 270, "texture": "#0"},
				"down": {"uv": [0, 0, 0.75, 0.25], "rotation": 90, "texture": "#0"}
			}
		},
		{
			"from": [7.975, 14, 8.1],
			"to": [8.225, 14.75, 8.85],
			"rotation": {"angle": 0, "axis": "y", "origin": [8.1, 14.5, 8.475]},
			"faces": {
				"north": {"uv": [0, 0, 0.25, 0.75], "texture": "#0"},
				"east": {"uv": [0, 0, 0.75, 0.75], "texture": "#0"},
				"south": {"uv": [0, 0, 0.25, 0.75], "texture": "#0"},
				"west": {"uv": [0, 0, 0.75, 0.75], "texture": "#0"},
				"up": {"uv": [0, 0, 0.75, 0.25], "rotation": 270, "texture": "#0"},
				"down": {"uv": [0, 0, 0.75, 0.25], "rotation": 90, "texture": "#0"}
			}
		},
		{
			"from": [8.125, 14, 8.75],
			"to": [8.875, 14.75, 9],
			"rotation": {"angle": 0, "axis": "y", "origin": [8.375, 14.5, 8.5]},
			"faces": {
				"north": {"uv": [0, 0, 0.75, 0.75], "texture": "#0"},
				"east": {"uv": [0, 0, 0.25, 0.75], "texture": "#0"},
				"south": {"uv": [0, 0, 0.75, 0.75], "texture": "#0"},
				"west": {"uv": [0, 0, 0.25, 0.75], "texture": "#0"},
				"up": {"uv": [0, 0, 0.75, 0.25], "texture": "#0"},
				"down": {"uv": [0, 0, 0.75, 0.25], "texture": "#0"}
			}
		},
		{
			"from": [8.125, 14, 8],
			"to": [8.875, 14.75, 8.25],
			"rotation": {"angle": 0, "axis": "y", "origin": [8.375, 14.5, 7.75]},
			"faces": {
				"north": {"uv": [0, 0, 0.75, 0.75], "texture": "#0"},
				"east": {"uv": [0, 0, 0.25, 0.75], "texture": "#0"},
				"south": {"uv": [0, 0, 0.75, 0.75], "texture": "#0"},
				"west": {"uv": [0, 0, 0.25, 0.75], "texture": "#0"},
				"up": {"uv": [0, 0, 0.75, 0.25], "texture": "#0"},
				"down": {"uv": [0, 0, 0.75, 0.25], "texture": "#0"}
			}
		},
		{
			"from": [8.75, 14, 8.1],
			"to": [9, 14.75, 8.85],
			"rotation": {"angle": 0, "axis": "y", "origin": [8.875, 14.5, 8.475]},
			"faces": {
				"north": {"uv": [0, 0, 0.25, 0.75], "texture": "#0"},
				"east": {"uv": [0, 0, 0.75, 0.75], "texture": "#0"},
				"south": {"uv": [0, 0, 0.25, 0.75], "texture": "#0"},
				"west": {"uv": [0, 0, 0.75, 0.75], "texture": "#0"},
				"up": {"uv": [0, 0, 0.75, 0.25], "rotation": 270, "texture": "#0"},
				"down": {"uv": [0, 0, 0.75, 0.25], "rotation": 90, "texture": "#0"}
			}
		},
		{
			"from": [7.45, 14.125, 6.2],
			"to": [8.05, 14.625, 7.875],
			"rotation": {"angle": 0, "axis": "y", "origin": [7.75, 14.5, 7.525]},
			"faces": {
				"north": {"uv": [0, 0, 0.6, 0.5], "texture": "#1"},
				"east": {"uv": [0, 0, 1.675, 0.5], "texture": "#1"},
				"south": {"uv": [0, 0, 0.6, 0.5], "texture": "#1"},
				"west": {"uv": [0, 0, 1.675, 0.5], "texture": "#1"},
				"up": {"uv": [0, 0, 0.6, 1.675], "texture": "#1"},
				"down": {"uv": [0, 0, 0.6, 1.675], "texture": "#1"}
			}
		},
		{
			"from": [7.5, 14.15, 5.675],
			"to": [8, 14.6, 7.675],
			"rotation": {"angle": 0, "axis": "y", "origin": [7.75, 14.5, 7.175]},
			"faces": {
				"north": {"uv": [0, 0, 0.5, 0.45], "texture": "#0"},
				"east": {"uv": [0, 0, 2, 0.45], "texture": "#0"},
				"south": {"uv": [0, 0, 0.5, 0.45], "texture": "#0"},
				"west": {"uv": [0, 0, 2, 0.45], "texture": "#0"},
				"up": {"uv": [0, 0, 0.5, 2], "texture": "#0"},
				"down": {"uv": [0, 0, 0.5, 2], "texture": "#0"}
			}
		},
		{
			"from": [7.675, 14.325, 3.675],
			"to": [7.8, 14.425, 5.675],
			"rotation": {"angle": 0, "axis": "y", "origin": [7.75, 14.5, 5.175]},
			"faces": {
				"north": {"uv": [0, 0, 0.125, 0.1], "texture": "#1"},
				"east": {"uv": [0, 0, 2, 0.1], "texture": "#1"},
				"south": {"uv": [0, 0, 0.125, 0.1], "texture": "#1"},
				"west": {"uv": [0, 0, 2, 0.1], "texture": "#1"},
				"up": {"uv": [0, 0, 0.125, 2], "texture": "#1"},
				"down": {"uv": [0, 0, 0.125, 2], "texture": "#1"}
			}
		},
		{
			"from": [7.375, 14.15, 7.65],
			"to": [8.125, 14.6, 8.25],
			"rotation": {"angle": 0, "axis": "y", "origin": [7.75, 14.5, 7.75]},
			"faces": {
				"north": {"uv": [0, 0, 0.75, 0.45], "texture": "#0"},
				"east": {"uv": [0, 0, 0.6, 0.45], "texture": "#0"},
				"south": {"uv": [0, 0, 0.75, 0.45], "texture": "#0"},
				"west": {"uv": [0, 0, 0.6, 0.45], "texture": "#0"},
				"up": {"uv": [0, 0, 0.75, 0.6], "texture": "#0"},
				"down": {"uv": [0, 0, 0.75, 0.6], "texture": "#0"}
			}
		},
		{
			"from": [7.6, 14.225, 8.2],
			"to": [7.925, 14.525, 9.625],
			"rotation": {"angle": 0, "axis": "y", "origin": [7.75, 14.5, 8.3]},
			"faces": {
				"north": {"uv": [0, 0, 0.325, 0.3], "texture": "#0"},
				"east": {"uv": [0, 0, 1.425, 0.3], "texture": "#0"},
				"south": {"uv": [0, 0, 0.325, 0.3], "texture": "#0"},
				"west": {"uv": [0, 0, 1.425, 0.3], "texture": "#0"},
				"up": {"uv": [0, 0, 0.325, 1.425], "texture": "#0"},
				"down": {"uv": [0, 0, 0.325, 1.425], "texture": "#0"}
			}
		},
		{
			"from": [7.4, 14.2, 9.55],
			"to": [8.15, 14.575, 9.8],
			"rotation": {"angle": 0, "axis": "y", "origin": [7.65, 14.5, 9.3]},
			"faces": {
				"north": {"uv": [0, 0, 0.75, 0.375], "texture": "#2"},
				"east": {"uv": [0, 0, 0.25, 0.375], "texture": "#2"},
				"south": {"uv": [0, 0, 0.75, 0.375], "texture": "#2"},
				"west": {"uv": [0, 0, 0.25, 0.375], "texture": "#2"},
				"up": {"uv": [0, 0, 0.75, 0.25], "texture": "#2"},
				"down": {"uv": [0, 0, 0.75, 0.25], "texture": "#2"}
			}
		}
	],
	"display": {
		"thirdperson_righthand": {
			"rotation": [82, 0, 0],
			"translation": [0.25, 0, -6.25],
			"scale": [0.97, 0.97, 0.97]
		},
		"thirdperson_lefthand": {
			"rotation": [82, 0, 0],
			"translation": [0, 0, -6.5]
		},
		"firstperson_righthand": {
			"rotation": [74, 0, 0],
			"translation": [-1.5, 1.75, -2],
			"scale": [1.03, 1.03, 1.03]
		},
		"firstperson_lefthand": {
			"rotation": [74, 0, 0],
			"translation": [-1.5, 1.75, -2],
			"scale": [1.03, 1.03, 1.03]
		},
		"ground": {
			"translation": [0, -8.75, 0]
		},
		"gui": {
			"rotation": [90, -45, 0],
			"translation": [-1.5, -2.25, 0],
			"scale": [2.47, 2.47, 2.47]
		},
		"fixed": {
			"rotation": [-90, -180, 0],
			"translation": [0, -2.5, 16],
			"scale": [2.64, 2.64, 2.64]
		}
	},
	"groups": [
		{
			"name": "group",
			"origin": [8.875, 0.5, 8.475],
			"children": [0, 1, 2, 3,
				{
					"name": "group",
					"origin": [8.875, 0.5, 8.475],
					"children": [4, 5, 6, 7]
				}
			]
		},
		{
			"name": "group",
			"origin": [8, 8, 8],
			"children": [8, 9, 10, 11]
		},
		{
			"name": "group",
			"origin": [7.65, 14.5, 9.3],
			"children": [12, 13]
		}
	]
}