{
	"credit": "Made with Blockbench",
	"textures": {
		"0": "other/lvl1_keycard",
		"1": "other/lvl1_cover",
		"particle": "other/lvl1_keycard"
	},
	"elements": [
		{
			"from": [4, 0, 7],
			"to": [12, 5, 7.25],
			"rotation": {"angle": 0, "axis": "y", "origin": [19, 8, 15]},
			"faces": {
				"north": {"uv": [0, 0, 16, 16], "texture": "#1"},
				"east": {"uv": [0, 0, 0.25, 5], "texture": "#1"},
				"south": {"uv": [0, 0, 8, 5], "texture": "#0"},
				"west": {"uv": [0, 0, 0.25, 5], "texture": "#1"},
				"up": {"uv": [0, 0, 8, 0.25], "texture": "#1"},
				"down": {"uv": [0, 0, 8, 0.25], "texture": "#1"}
			}
		}
	],
	"display": {
		"thirdperson_righthand": {
			"translation": [0.5, 7.75, 1.25]
		},
		"thirdperson_lefthand": {
			"translation": [0, 7.75, 2]
		},
		"firstperson_righthand": {
			"rotation": [0, 0, 103],
			"translation": [-2, 1, -0.25]
		},
		"firstperson_lefthand": {
			"rotation": [0, 0, -78],
			"translation": [8.25, 3.75, 0]
		},
		"ground": {
			"translation": [0, 4.5, 0]
		},
		"gui": {
			"rotation": [0, 0, 33],
			"translation": [-4.5, 7.25, 0],
			"scale": [1.58, 1.58, 1.58]
		},
		"fixed": {
			"rotation": [0, 0, -180],
			"translation": [0, 10.5, -2],
			"scale": [1.94, -1.94, -1.94]
		}
	}
}