{
	"credit": "Made with Blockbench",
	"textures": {
		"0": "other/medkit_cover",
		"1": "other/medkit_cross",
		"2": "other/zipepr",
		"particle": "other/medkit_cover"
	},
	"elements": [
		{
			"from": [3.75, 1.5, 6],
			"to": [11.5, 2.75, 10.75],
			"rotation": {"angle": 0, "axis": "y", "origin": [14.75, 10, 14]},
			"faces": {
				"north": {"uv": [0, 0, 7.75, 1.25], "texture": "#0"},
				"east": {"uv": [0, 0, 4.75, 1.25], "texture": "#0"},
				"south": {"uv": [0, 0, 7.75, 1.25], "texture": "#0"},
				"west": {"uv": [0, 0, 4.75, 1.25], "texture": "#0"},
				"up": {"uv": [0, 0, 7.75, 4.75], "texture": "#0"},
				"down": {"uv": [0, 0, 7.75, 4.75], "texture": "#0"}
			}
		},
		{
			"from": [4, 1.5, 5.75],
			"to": [11.25, 2.75, 11],
			"rotation": {"angle": 0, "axis": "y", "origin": [14.75, 10, 14]},
			"faces": {
				"north": {"uv": [0, 0, 7.25, 1.25], "texture": "#0"},
				"east": {"uv": [0, 0, 5.25, 1.25], "texture": "#0"},
				"south": {"uv": [0, 0, 7.25, 1.25], "texture": "#0"},
				"west": {"uv": [0, 0, 5.25, 1.25], "texture": "#0"},
				"up": {"uv": [0, 0, 7.25, 5.25], "texture": "#0"},
				"down": {"uv": [0, 0, 7.25, 5.25], "texture": "#0"}
			}
		},
		{
			"from": [4, 2.25, 6],
			"to": [11.25, 3, 10.725],
			"rotation": {"angle": 0, "axis": "y", "origin": [14.75, 10.25, 14]},
			"faces": {
				"north": {"uv": [0, 0, 7.25, 0.75], "texture": "#0"},
				"east": {"uv": [0, 0, 4.725, 0.75], "texture": "#0"},
				"south": {"uv": [0, 0, 7.25, 0.75], "texture": "#0"},
				"west": {"uv": [0, 0, 4.725, 0.75], "texture": "#0"},
				"up": {"uv": [0, 0, 7.25, 4.725], "texture": "#0"},
				"down": {"uv": [0, 0, 7.25, 4.725], "texture": "#0"}
			}
		},
		{
			"from": [4, 1.3, 6],
			"to": [11.25, 2, 10.725],
			"rotation": {"angle": 0, "axis": "y", "origin": [14.75, 9.25, 14]},
			"faces": {
				"north": {"uv": [0, 0, 7.25, 0.7], "texture": "#0"},
				"east": {"uv": [0, 0, 4.725, 0.7], "texture": "#0"},
				"south": {"uv": [0, 0, 7.25, 0.7], "texture": "#0"},
				"west": {"uv": [0, 0, 4.725, 0.7], "texture": "#0"},
				"up": {"uv": [0, 0, 7.25, 4.725], "texture": "#0"},
				"down": {"uv": [0, 0, 7.25, 4.725], "texture": "#0"}
			}
		},
		{
			"from": [3.75, 2.25, 6.25],
			"to": [11.5, 3, 10.5],
			"rotation": {"angle": 0, "axis": "y", "origin": [14.75, 10.25, 14]},
			"faces": {
				"north": {"uv": [0, 0, 7.75, 0.75], "texture": "#0"},
				"east": {"uv": [0, 0, 4.25, 0.75], "texture": "#0"},
				"south": {"uv": [0, 0, 7.75, 0.75], "texture": "#0"},
				"west": {"uv": [0, 0, 4.25, 0.75], "texture": "#0"},
				"up": {"uv": [0, 0, 7.75, 4.25], "texture": "#0"},
				"down": {"uv": [0, 0, 7.75, 4.25], "texture": "#0"}
			}
		},
		{
			"from": [3.75, 1.3, 6.25],
			"to": [11.5, 2.05, 10.5],
			"rotation": {"angle": 0, "axis": "y", "origin": [14.75, 9.3, 14]},
			"faces": {
				"north": {"uv": [0, 0, 7.75, 0.75], "texture": "#0"},
				"east": {"uv": [0, 0, 4.25, 0.75], "texture": "#0"},
				"south": {"uv": [0, 0, 7.75, 0.75], "texture": "#0"},
				"west": {"uv": [0, 0, 4.25, 0.75], "texture": "#0"},
				"up": {"uv": [0, 0, 7.75, 4.25], "texture": "#0"},
				"down": {"uv": [0, 0, 7.75, 4.25], "texture": "#0"}
			}
		},
		{
			"from": [7.325, 2.05, 6.85],
			"to": [8.125, 3.05, 9.525],
			"rotation": {"angle": 0, "axis": "y", "origin": [15.225, 10.05, 15]},
			"faces": {
				"north": {"uv": [0, 0, 0.8, 1], "texture": "#1"},
				"east": {"uv": [0, 0, 2.675, 1], "texture": "#1"},
				"south": {"uv": [0, 0, 0.8, 1], "texture": "#1"},
				"west": {"uv": [0, 0, 2.675, 1], "texture": "#1"},
				"up": {"uv": [0, 0, 0.8, 2.675], "texture": "#1"},
				"down": {"uv": [0, 0, 0.8, 2.675], "texture": "#1"}
			}
		},
		{
			"from": [6.35, 2.05, 7.7],
			"to": [9.05, 3.05, 8.55],
			"rotation": {"angle": 0, "axis": "y", "origin": [15.225, 10.05, 15.5]},
			"faces": {
				"north": {"uv": [0, 0, 2.7, 1], "texture": "#1"},
				"east": {"uv": [0, 0, 0.85, 1], "texture": "#1"},
				"south": {"uv": [0, 0, 2.7, 1], "texture": "#1"},
				"west": {"uv": [0, 0, 0.85, 1], "texture": "#1"},
				"up": {"uv": [0, 0, 2.7, 0.85], "texture": "#1"},
				"down": {"uv": [0, 0, 2.7, 0.85], "texture": "#1"}
			}
		},
		{
			"from": [4.25, 2, 5.675],
			"to": [11, 2.25, 6.425],
			"rotation": {"angle": 0, "axis": "y", "origin": [14.75, 10, 13.925]},
			"faces": {
				"north": {"uv": [0, 0, 6.75, 0.25], "texture": "#2"},
				"east": {"uv": [0, 0, 0.75, 0.25], "texture": "#2"},
				"south": {"uv": [0, 0, 6.75, 0.25], "texture": "#2"},
				"west": {"uv": [0, 0, 0.75, 0.25], "texture": "#2"},
				"up": {"uv": [0, 0, 6.75, 0.75], "texture": "#2"},
				"down": {"uv": [0, 0, 6.75, 0.75], "texture": "#2"}
			}
		}
	],
	"display": {
		"thirdperson_righthand": {
			"translation": [0.5, 6.25, 0]
		},
		"thirdperson_lefthand": {
			"translation": [-0.5, 6, 0]
		},
		"firstperson_righthand": {
			"rotation": [77, -18, 21],
			"translation": [-2.75, 4.5, 6.25]
		},
		"firstperson_lefthand": {
			"rotation": [77, -18, 21],
			"translation": [-2.75, 4.5, 6.25]
		},
		"ground": {
			"translation": [0, 3.25, 0]
		},
		"gui": {
			"rotation": [90, 45, 0],
			"translation": [0.25, 0.75, 0],
			"scale": [1.5, 1.5, 1.5]
		},
		"fixed": {
			"rotation": [-90, -180, 0],
			"translation": [-0.75, 0.25, -9.5],
			"scale": [1.56, 1.56, 1.56]
		}
	},
	"groups": [
		{
			"name": "group",
			"origin": [8, 8, 8],
			"children": [0, 1, 2, 3, 4, 5]
		},
		{
			"name": "group",
			"origin": [8, 8, 8],
			"children": [6, 7]
		}, 8]
}