{
	"credit": "Made with Blockbench",
	"textures": {
		"1": "other/pill_lid",
		"2": "other/pill_container",
		"particle": "other/pill_lid"
	},
	"elements": [
		{
			"from": [7, 0, 7],
			"to": [8.25, 2.25, 8.25],
			"rotation": {"angle": 0, "axis": "y", "origin": [14, 8, 15]},
			"faces": {
				"north": {"uv": [0, 0, 1.25, 2.25], "texture": "#2"},
				"east": {"uv": [0, 0, 1.25, 2.25], "texture": "#2"},
				"south": {"uv": [0, 0, 1.25, 2.25], "texture": "#2"},
				"west": {"uv": [0, 0, 1.25, 2.25], "texture": "#2"},
				"up": {"uv": [0, 0, 1.25, 1.25], "texture": "#2"},
				"down": {"uv": [0, 0, 1.25, 1.25], "texture": "#2"}
			}
		},
		{
			"from": [6.8, 0, 7.15],
			"to": [7.05, 2.25, 8.15],
			"rotation": {"angle": 0, "axis": "y", "origin": [14.8, 8, 15.15]},
			"faces": {
				"north": {"uv": [0, 0, 0.25, 2.25], "texture": "#2"},
				"east": {"uv": [0, 0, 1, 2.25], "texture": "#2"},
				"south": {"uv": [0, 0, 0.25, 2.25], "texture": "#2"},
				"west": {"uv": [0, 0, 1, 2.25], "texture": "#2"},
				"up": {"uv": [0, 0, 0.25, 1], "texture": "#2"},
				"down": {"uv": [0, 0, 0.25, 1], "texture": "#2"}
			}
		},
		{
			"from": [8.2, 0, 7.1],
			"to": [8.45, 2.25, 8.1],
			"rotation": {"angle": 0, "axis": "y", "origin": [16.2, 8, 15.1]},
			"faces": {
				"north": {"uv": [0, 0, 0.25, 2.25], "texture": "#2"},
				"east": {"uv": [0, 0, 1, 2.25], "texture": "#2"},
				"south": {"uv": [0, 0, 0.25, 2.25], "texture": "#2"},
				"west": {"uv": [0, 0, 1, 2.25], "texture": "#2"},
				"up": {"uv": [0, 0, 0.25, 1], "texture": "#2"},
				"down": {"uv": [0, 0, 0.25, 1], "texture": "#2"}
			}
		},
		{
			"from": [7.1, 0, 6.8],
			"to": [8.1, 2.25, 7.05],
			"rotation": {"angle": 0, "axis": "y", "origin": [15.1, 8, 14.8]},
			"faces": {
				"north": {"uv": [0, 0, 1, 2.25], "texture": "#2"},
				"east": {"uv": [0, 0, 0.25, 2.25], "texture": "#2"},
				"south": {"uv": [0, 0, 1, 2.25], "texture": "#2"},
				"west": {"uv": [0, 0, 0.25, 2.25], "texture": "#2"},
				"up": {"uv": [0, 0, 1, 0.25], "texture": "#2"},
				"down": {"uv": [0, 0, 1, 0.25], "texture": "#2"}
			}
		},
		{
			"from": [7.1, 0, 8.2],
			"to": [8.1, 2.25, 8.45],
			"rotation": {"angle": 0, "axis": "y", "origin": [15.1, 8, 16.2]},
			"faces": {
				"north": {"uv": [0, 0, 1, 2.25], "texture": "#2"},
				"east": {"uv": [0, 0, 0.25, 2.25], "texture": "#2"},
				"south": {"uv": [0, 0, 1, 2.25], "texture": "#2"},
				"west": {"uv": [0, 0, 0.25, 2.25], "texture": "#2"},
				"up": {"uv": [0, 0, 1, 0.25], "texture": "#2"},
				"down": {"uv": [0, 0, 1, 0.25], "texture": "#2"}
			}
		},
		{
			"from": [6.85, 1.8, 6.9],
			"to": [8.35, 2.5, 8.4],
			"rotation": {"angle": 0, "axis": "y", "origin": [13.85, 9.8, 14.9]},
			"faces": {
				"north": {"uv": [0, 0, 1.5, 0.7], "texture": "#1"},
				"east": {"uv": [0, 0, 1.5, 0.7], "texture": "#1"},
				"south": {"uv": [0, 0, 1.5, 0.7], "texture": "#1"},
				"west": {"uv": [0, 0, 1.5, 0.7], "texture": "#1"},
				"up": {"uv": [0, 0, 1.5, 1.5], "texture": "#1"},
				"down": {"uv": [0, 0, 1.5, 1.5], "texture": "#1"}
			}
		},
		{
			"from": [6.65, 1.9, 7.05],
			"to": [7.15, 2.6, 8.3],
			"rotation": {"angle": 0, "axis": "y", "origin": [14.65, 9.9, 15.05]},
			"faces": {
				"north": {"uv": [0, 0, 0.5, 0.7], "texture": "#1"},
				"east": {"uv": [0, 0, 1.25, 0.7], "texture": "#1"},
				"south": {"uv": [0, 0, 0.5, 0.7], "texture": "#1"},
				"west": {"uv": [0, 0, 1.25, 0.7], "texture": "#1"},
				"up": {"uv": [0, 0, 0.5, 1.25], "texture": "#1"},
				"down": {"uv": [0, 0, 0.5, 1.25], "texture": "#1"}
			}
		},
		{
			"from": [8.05, 1.9, 7],
			"to": [8.55, 2.6, 8.25],
			"rotation": {"angle": 0, "axis": "y", "origin": [16.05, 9.9, 15]},
			"faces": {
				"north": {"uv": [0, 0, 0.5, 0.7], "texture": "#1"},
				"east": {"uv": [0, 0, 1.25, 0.7], "texture": "#1"},
				"south": {"uv": [0, 0, 0.5, 0.7], "texture": "#1"},
				"west": {"uv": [0, 0, 1.25, 0.7], "texture": "#1"},
				"up": {"uv": [0, 0, 0.5, 1.25], "texture": "#1"},
				"down": {"uv": [0, 0, 0.5, 1.25], "texture": "#1"}
			}
		},
		{
			"from": [6.95, 1.9, 6.7],
			"to": [8.2, 2.6, 7.2],
			"rotation": {"angle": 0, "axis": "y", "origin": [14.95, 9.9, 14.7]},
			"faces": {
				"north": {"uv": [0, 0, 1.25, 0.7], "texture": "#1"},
				"east": {"uv": [0, 0, 0.5, 0.7], "texture": "#1"},
				"south": {"uv": [0, 0, 1.25, 0.7], "texture": "#1"},
				"west": {"uv": [0, 0, 0.5, 0.7], "texture": "#1"},
				"up": {"uv": [0, 0, 1.25, 0.5], "texture": "#1"},
				"down": {"uv": [0, 0, 1.25, 0.5], "texture": "#1"}
			}
		},
		{
			"from": [6.95, 1.9, 8.1],
			"to": [8.2, 2.6, 8.6],
			"rotation": {"angle": 0, "axis": "y", "origin": [14.95, 9.9, 16.1]},
			"faces": {
				"north": {"uv": [0, 0, 1.25, 0.7], "texture": "#1"},
				"east": {"uv": [0, 0, 0.5, 0.7], "texture": "#1"},
				"south": {"uv": [0, 0, 1.25, 0.7], "texture": "#1"},
				"west": {"uv": [0, 0, 0.5, 0.7], "texture": "#1"},
				"up": {"uv": [0, 0, 1.25, 0.5], "texture": "#1"},
				"down": {"uv": [0, 0, 1.25, 0.5], "texture": "#1"}
			}
		}
	],
	"display": {
		"thirdperson_righthand": {
			"translation": [0.25, 7.5, 0.5]
		},
		"thirdperson_lefthand": {
			"translation": [-0.25, 7.5, 0]
		},
		"firstperson_righthand": {
			"rotation": [-3, 0, 11],
			"translation": [-1.25, 13, 0.25],
			"scale": [1.67, 1.67, 1.67]
		},
		"firstperson_lefthand": {
			"rotation": [0, 0, 10],
			"translation": [-1.25, 12.5, 0],
			"scale": [1.67, 1.67, 1.67]
		},
		"ground": {
			"translation": [0, 4.25, 0]
		},
		"gui": {
			"rotation": [0, 0, -45],
			"translation": [16.75, 15.25, 0],
			"scale": [3.44, 3.44, 3.44]
		},
		"fixed": {
			"translation": [1, 20, 0],
			"scale": [3.06, 3.06, 3.06]
		}
	},
	"groups": [
		{
			"name": "pillcontainer",
			"origin": [14.1, 8, 14.75],
			"children": [0, 1, 2, 3, 4]
		},
		{
			"name": "group",
			"origin": [8, 8, 8],
			"children": [
				{
					"name": "pillcontainer",
					"origin": [14.1, 8, 14.75],
					"children": [5, 6, 7, 8, 9]
				}
			]
		}
	]
}