{
	"credit": "Made with Blockbench",
	"textures": {
		"0": "other/scp420j_1",
		"1": "other/scp420j",
		"particle": "other/scp420j_1"
	},
	"elements": [
		{
			"from": [5.6625, 10, 7.95],
			"to": [10.975, 10.5, 8.55],
			"rotation": {"angle": 0, "axis": "y", "origin": [14.975, 18, 16]},
			"faces": {
				"north": {"uv": [0, 0, 7, 0.5], "texture": "#1"},
				"east": {"uv": [0, 0, 0.6, 0.5], "texture": "#0"},
				"south": {"uv": [0, 0, 7, 0.5], "texture": "#1"},
				"west": {"uv": [0, 0, 16, 16], "texture": "#1"},
				"up": {"uv": [0, 0, 7, 0.6], "texture": "#1"},
				"down": {"uv": [0, 0, 7, 0.6], "texture": "#1"}
			}
		},
		{
			"from": [5.675, 10.5, 8],
			"to": [10.975, 10.55, 8.5],
			"rotation": {"angle": 0, "axis": "y", "origin": [14.975, 18, 16]},
			"faces": {
				"north": {"uv": [0, 0, 5.3, 0.05], "texture": "#1"},
				"east": {"uv": [0, 0, 0.5, 0.05], "texture": "#0"},
				"south": {"uv": [0, 0, 5.3, 0.05], "texture": "#1"},
				"west": {"uv": [0, 0, 0.5, 0.05], "texture": "#1"},
				"up": {"uv": [0, 0, 5.3, 0.5], "texture": "#1"},
				"down": {"uv": [0, 0, 5.3, 0.5], "texture": "#1"}
			}
		},
		{
			"from": [5.6625, 9.95, 8],
			"to": [10.975, 10, 8.5],
			"rotation": {"angle": 0, "axis": "y", "origin": [14.975, 17.4, 16]},
			"faces": {
				"north": {"uv": [0, 0, 5.3125, 0.05], "texture": "#missing"},
				"east": {"uv": [0, 0, 0.5, 0.05], "texture": "#0"},
				"south": {"uv": [0, 0, 5.3125, 0.05], "texture": "#missing"},
				"west": {"uv": [0, 0, 0.5, 0.05], "texture": "#1"},
				"up": {"uv": [0, 0, 5.3125, 0.5], "texture": "#missing"},
				"down": {"uv": [0, 0, 5.3125, 0.5], "texture": "#missing"}
			}
		},
		{
			"from": [5.6375, 10, 8.55],
			"to": [10.975, 10.5, 8.75],
			"rotation": {"angle": 0, "axis": "y", "origin": [14.975, 18, 16.5]},
			"faces": {
				"north": {"uv": [0, 0, 5.3375, 0.5], "texture": "#0"},
				"east": {"uv": [0, 0, 0.2, 0.5], "texture": "#0"},
				"south": {"uv": [0, 0, 5.3375, 0.5], "texture": "#0"},
				"west": {"uv": [0, 0, 0.2, 0.5], "texture": "#0"},
				"up": {"uv": [0, 0, 5.3375, 0.2], "texture": "#0"},
				"down": {"uv": [0, 0, 5.3375, 0.2], "texture": "#0"}
			}
		},
		{
			"from": [5.6375, 10.55, 8],
			"to": [10.975, 10.75, 8.5],
			"rotation": {"angle": 0, "axis": "y", "origin": [14.975, 18.5, 16]},
			"faces": {
				"north": {"uv": [0, 0, 5.3375, 0.2], "texture": "#0"},
				"east": {"uv": [0, 0, 0.5, 0.2], "texture": "#0"},
				"south": {"uv": [0, 0, 5.3375, 0.2], "texture": "#0"},
				"west": {"uv": [0, 0, 0.5, 0.2], "texture": "#0"},
				"up": {"uv": [0, 0, 5.3375, 0.5], "texture": "#0"},
				"down": {"uv": [0, 0, 5.3375, 0.5], "texture": "#0"}
			}
		},
		{
			"from": [5.6375, 10, 7.75],
			"to": [10.975, 10.5, 7.95],
			"rotation": {"angle": 0, "axis": "y", "origin": [14.975, 18, 15]},
			"faces": {
				"north": {"uv": [0, 0, 5.3375, 0.5], "texture": "#0"},
				"east": {"uv": [0, 0, 0.2, 0.5], "texture": "#0"},
				"south": {"uv": [0, 0, 5.3375, 0.5], "texture": "#0"},
				"west": {"uv": [0, 0, 0.2, 0.5], "texture": "#0"},
				"up": {"uv": [0, 0, 5.3375, 0.2], "texture": "#0"},
				"down": {"uv": [0, 0, 5.3375, 0.2], "texture": "#0"}
			}
		},
		{
			"from": [5.6375, 10.5, 7.8],
			"to": [10.975, 10.7, 8],
			"rotation": {"angle": 0, "axis": "y", "origin": [14.975, 18.5, 15]},
			"faces": {
				"north": {"uv": [0, 0, 5.3375, 0.2], "texture": "#0"},
				"east": {"uv": [0, 0, 0.2, 0.2], "texture": "#0"},
				"south": {"uv": [0, 0, 5.3375, 0.2], "texture": "#0"},
				"west": {"uv": [0, 0, 0.2, 0.2], "texture": "#0"},
				"up": {"uv": [0, 0, 5.3375, 0.2], "texture": "#0"},
				"down": {"uv": [0, 0, 5.3375, 0.2], "texture": "#0"}
			}
		},
		{
			"from": [5.6375, 9.8, 7.8],
			"to": [10.975, 10, 8],
			"rotation": {"angle": 0, "axis": "y", "origin": [14.975, 17.5, 15]},
			"faces": {
				"north": {"uv": [0, 0, 5.3375, 0.2], "texture": "#0"},
				"east": {"uv": [0, 0, 0.2, 0.2], "texture": "#0"},
				"south": {"uv": [0, 0, 5.3375, 0.2], "texture": "#0"},
				"west": {"uv": [0, 0, 0.2, 0.2], "texture": "#0"},
				"up": {"uv": [0, 0, 5.3375, 0.2], "texture": "#0"},
				"down": {"uv": [0, 0, 5.3375, 0.2], "texture": "#0"}
			}
		},
		{
			"from": [5.6375, 9.8, 8.5],
			"to": [10.975, 10, 8.7],
			"rotation": {"angle": 0, "axis": "y", "origin": [14.975, 17.5, 15.75]},
			"faces": {
				"north": {"uv": [0, 0, 5.3375, 0.2], "texture": "#0"},
				"east": {"uv": [0, 0, 0.2, 0.2], "texture": "#0"},
				"south": {"uv": [0, 0, 5.3375, 0.2], "texture": "#0"},
				"west": {"uv": [0, 0, 0.2, 0.2], "texture": "#0"},
				"up": {"uv": [0, 0, 5.3375, 0.2], "texture": "#0"},
				"down": {"uv": [0, 0, 5.3375, 0.2], "texture": "#0"}
			}
		},
		{
			"from": [5.6375, 10.5, 8.5],
			"to": [10.975, 10.7, 8.7],
			"rotation": {"angle": 0, "axis": "y", "origin": [14.975, 18.5, 15.75]},
			"faces": {
				"north": {"uv": [0, 0, 5.3375, 0.2], "texture": "#0"},
				"east": {"uv": [0, 0, 0.2, 0.2], "texture": "#0"},
				"south": {"uv": [0, 0, 5.3375, 0.2], "texture": "#0"},
				"west": {"uv": [0, 0, 0.2, 0.2], "texture": "#0"},
				"up": {"uv": [0, 0, 5.3375, 0.2], "texture": "#0"},
				"down": {"uv": [0, 0, 5.3375, 0.2], "texture": "#0"}
			}
		},
		{
			"from": [5.6375, 9.75, 8],
			"to": [10.975, 9.95, 8.5],
			"rotation": {"angle": 0, "axis": "y", "origin": [14.975, 17, 16]},
			"faces": {
				"north": {"uv": [0, 0, 5.3375, 0.2], "texture": "#0"},
				"east": {"uv": [0, 0, 0.5, 0.2], "texture": "#0"},
				"south": {"uv": [0, 0, 5.3375, 0.2], "texture": "#0"},
				"west": {"uv": [0, 0, 0.5, 0.2], "texture": "#0"},
				"up": {"uv": [0, 0, 5.3375, 0.5], "texture": "#0"},
				"down": {"uv": [0, 0, 5.3375, 0.5], "texture": "#0"}
			}
		}
	],
	"display": {
		"thirdperson_righthand": {
			"rotation": [24, -90, 0],
			"translation": [0.25, -1, -1.75]
		},
		"thirdperson_lefthand": {
			"rotation": [-52, 0, 90],
			"translation": [2.25, 1, 0]
		},
		"firstperson_righthand": {
			"rotation": [16, -98, -6],
			"translation": [-0.25, 0.25, 0]
		},
		"firstperson_lefthand": {
			"rotation": [16, 67, -6]
		},
		"ground": {
			"translation": [0, -5, 0]
		},
		"gui": {
			"rotation": [179, -149, 44],
			"translation": [-2.25, 4.75, 0],
			"scale": [2.56, 2.56, 2.56]
		},
		"fixed": {
			"translation": [-0.75, -5.75, -1.75],
			"scale": [2.5, 2.5, 2.5]
		}
	},
	"groups": [0, 1, 2,
		{
			"name": "group",
			"origin": [8, 8, 8],
			"children": [3, 4, 5, 6, 7, 8, 9, 10]
		}
	]
}