{
	"credit": "Made with Blockbench",
	"parent": "item/handheld",
	"textures": {
		"layer0": "items/knife_karambit_autotronic"
	},
	"display": {
		"thirdperson_righthand": {
			"rotation": [-180, 90, 27],
			"translation": [0, 0.25, -1.5],
			"scale": [0.4, 0.4, 0.1]
		},
		"thirdperson_lefthand": {
			"rotation": [-180, -90, -27],
			"translation": [0, 0.25, -1.5],
			"scale": [0.4, 0.4, 0.1]
		},
		"firstperson_righthand": {
			"rotation": [10, -90, -36],
			"translation": [2.25, 2.25, -1.75],
			"scale": [0.75, 0.75, 0.1]
		},
		"firstperson_lefthand": {
			"rotation": [10, 90, 36],
			"translation": [2.25, 2.25, -1.75],
			"scale": [0.75, 0.75, 0.1]
		},
		"ground": {
			"rotation": [-180, 0, 20],
			"scale": [0.55, 0.55, 0.1]
		},
		"gui": {
			"rotation": [0, -180, 156],
			"translation": [-0.5, -1.25, 0],
			"scale": [0.9, 0.9, 0.9]
		},
		"fixed": {
			"rotation": [0, -180, -180],
			"translation": [0, 0, -0.5],
			"scale": [1, 1, 0.15]
		}
	}
}