{
	"credit": "Made with Blockbench",
	"parent": "item/handheld",
	"textures": {
		"layer0": "items/knife_classic_blue_steel"
	},
	"display": {
		"thirdperson_righthand": {
			"rotation": [75, 90, 0],
			"translation": [0, 1, 0.5],
			"scale": [0.4, 0.4, 0.1]
		},
		"thirdperson_lefthand": {
			"rotation": [75, -90, 0],
			"translation": [0, 1, 0.5],
			"scale": [0.4, 0.4, 0.1]
		},
		"firstperson_righthand": {
			"rotation": [-24.5, 76.5, 108.5],
			"translation": [0.5, 3.5, 1.75],
			"scale": [0.55, 0.55, 0.1]
		},
		"firstperson_lefthand": {
			"rotation": [-24.5, -103.5, -108.5],
			"translation": [0.5, 3.5, 1.75],
			"scale": [0.55, 0.55, 0.1]
		},
		"ground": {
			"rotation": [0, 0, 20],
			"scale": [0.55, 0.55, 0.1]
		},
		"gui": {
			"rotation": [0, -180, 24.5],
			"translation": [-0.5, 0.25, 0],
			"scale": [1.1, 1.1, 1.1]
		},
		"fixed": {
			"rotation": [0, -180, 0],
			"translation": [0, 0, -0.5],
			"scale": [1, 1, 0.15]
		}
	}
}