{
	"credit": "Made with Blockbench",
	"parent": "item/handheld",
	"textures": {
		"layer0": "items/knife_bayonet_autotronic"
	},
	"display": {
		"thirdperson_righthand": {
			"rotation": [90, -90, 27],
			"translation": [0, 2, 0.75],
			"scale": [0.4, 0.4, 0.1]
		},
		"thirdperson_lefthand": {
			"rotation": [90, 90, -27],
			"translation": [0, 2, 0.75],
			"scale": [0.4, 0.4, 0.1]
		},
		"firstperson_righthand": {
			"rotation": [139.5, -6.5, 58.25],
			"translation": [-4, 3.5, 1.75],
			"scale": [0.55, 0.55, 0.1]
		},
		"firstperson_lefthand": {
			"rotation": [139.5, 173.5, -58.25],
			"translation": [-4, 3.5, 1.75],
			"scale": [0.55, 0.55, 0.1]
		},
		"ground": {
			"rotation": [0, 0, 20],
			"scale": [0.55, 0.55, 0.1]
		},
		"gui": {
			"rotation": [0, 0, -12],
			"translation": [-0.5, 0.25, 0]
		},
		"fixed": {
			"rotation": [0, -180, 0],
			"translation": [0, 0, -0.5],
			"scale": [1, 1, 0.15]
		}
	}
}