{
    "sources": [
        {
            "type": "directory",
            "source": "misc",
            "prefix": ""
        },
        {
            "type": "directory",
            "source": "custom",
            "prefix": ""
        },
        {
            "type": "directory",
            "source": "custom",
            "prefix": ""
        },
        {
            "type": "directory",
            "source": "items",
            "prefix": "items/"
        },
        {
            "type": "directory",
            "source": "other",
            "prefix": "other/"
        }
    ]
}