{
  "parent": "minecraft:item/handheld",
  "textures": {
    "layer0": "minecraft:item/stick"
  },
  "overrides": [

{"predicate": {"custom_model_data":2391000}, "model": "item/knife_bayonet_autotronic"},
{"predicate": {"custom_model_data":2391001}, "model": "item/knife_bayonet_black_laminate"},
{"predicate": {"custom_model_data":2391002}, "model": "item/knife_bayonet_blue_steel"},
{"predicate": {"custom_model_data":2391003}, "model": "item/knife_bayonet_boreal_forest"},
{"predicate": {"custom_model_data":2391004}, "model": "item/knife_bayonet_bright_water"},
{"predicate": {"custom_model_data":2391005}, "model": "item/knife_bayonet_case_hardened"},
{"predicate": {"custom_model_data":2391006}, "model": "item/knife_bayonet_crimson_web"},
{"predicate": {"custom_model_data":2391007}, "model": "item/knife_bayonet_damascus_steel"},
{"predicate": {"custom_model_data":2391008}, "model": "item/knife_bayonet_doppler_black_pearl"},
{"predicate": {"custom_model_data":2391009}, "model": "item/knife_bayonet_doppler_phase_1"},
{"predicate": {"custom_model_data":2391010}, "model": "item/knife_bayonet_doppler_phase_2"},
{"predicate": {"custom_model_data":2391011}, "model": "item/knife_bayonet_doppler_phase_3"},
{"predicate": {"custom_model_data":2391012}, "model": "item/knife_bayonet_doppler_phase_4"},
{"predicate": {"custom_model_data":2391013}, "model": "item/knife_bayonet_doppler_ruby"},
{"predicate": {"custom_model_data":2391014}, "model": "item/knife_bayonet_doppler_sapphire"},
{"predicate": {"custom_model_data":2391015}, "model": "item/knife_bayonet_fade"},
{"predicate": {"custom_model_data":2391016}, "model": "item/knife_bayonet_forest_ddpat"},
{"predicate": {"custom_model_data":2391017}, "model": "item/knife_bayonet_freehand"},
{"predicate": {"custom_model_data":2391018}, "model": "item/knife_bayonet_gamma_doppler_emerald"},
{"predicate": {"custom_model_data":2391019}, "model": "item/knife_bayonet_gamma_doppler_phase_1"},
{"predicate": {"custom_model_data":2391020}, "model": "item/knife_bayonet_gamma_doppler_phase_2"},
{"predicate": {"custom_model_data":2391021}, "model": "item/knife_bayonet_gamma_doppler_phase_3"},
{"predicate": {"custom_model_data":2391022}, "model": "item/knife_bayonet_gamma_doppler_phase_4"},
{"predicate": {"custom_model_data":2391023}, "model": "item/knife_bayonet_lore"},
{"predicate": {"custom_model_data":2391024}, "model": "item/knife_bayonet_marble_fade"},
{"predicate": {"custom_model_data":2391025}, "model": "item/knife_bayonet_night"},
{"predicate": {"custom_model_data":2391026}, "model": "item/knife_bayonet_rust_coat"},
{"predicate": {"custom_model_data":2391027}, "model": "item/knife_bayonet_safari_mesh"},
{"predicate": {"custom_model_data":2391028}, "model": "item/knife_bayonet_scorched"},
{"predicate": {"custom_model_data":2391029}, "model": "item/knife_bayonet_slaughter"},
{"predicate": {"custom_model_data":2391030}, "model": "item/knife_bayonet_stained"},
{"predicate": {"custom_model_data":2391031}, "model": "item/knife_bayonet_tiger_tooth"},
{"predicate": {"custom_model_data":2391032}, "model": "item/knife_bayonet_ultraviolet"},
{"predicate": {"custom_model_data":2391033}, "model": "item/knife_bayonet_urban_masked"},
{"predicate": {"custom_model_data":2391034}, "model": "item/knife_bayonet_vanilla"},
{"predicate": {"custom_model_data":2391035}, "model": "item/knife_bowie_blue_steel"},
{"predicate": {"custom_model_data":2391036}, "model": "item/knife_bowie_boreal_forest"},
{"predicate": {"custom_model_data":2391037}, "model": "item/knife_bowie_case_hardened"},
{"predicate": {"custom_model_data":2391038}, "model": "item/knife_bowie_crimson_web"},
{"predicate": {"custom_model_data":2391039}, "model": "item/knife_bowie_damascus_steel"},
{"predicate": {"custom_model_data":2391040}, "model": "item/knife_bowie_doppler_black_pearl"},
{"predicate": {"custom_model_data":2391041}, "model": "item/knife_bowie_doppler_phase_1"},
{"predicate": {"custom_model_data":2391042}, "model": "item/knife_bowie_doppler_phase_2"},
{"predicate": {"custom_model_data":2391043}, "model": "item/knife_bowie_doppler_phase_3"},
{"predicate": {"custom_model_data":2391044}, "model": "item/knife_bowie_doppler_phase_4"},
{"predicate": {"custom_model_data":2391045}, "model": "item/knife_bowie_doppler_ruby"},
{"predicate": {"custom_model_data":2391046}, "model": "item/knife_bowie_doppler_sapphire"},
{"predicate": {"custom_model_data":2391047}, "model": "item/knife_bowie_fade"},
{"predicate": {"custom_model_data":2391048}, "model": "item/knife_bowie_forest_ddpat"},
{"predicate": {"custom_model_data":2391049}, "model": "item/knife_bowie_marble_fade"},
{"predicate": {"custom_model_data":2391050}, "model": "item/knife_bowie_night"},
{"predicate": {"custom_model_data":2391051}, "model": "item/knife_bowie_rust_coat"},
{"predicate": {"custom_model_data":2391052}, "model": "item/knife_bowie_safari_mesh"},
{"predicate": {"custom_model_data":2391053}, "model": "item/knife_bowie_scorched"},
{"predicate": {"custom_model_data":2391054}, "model": "item/knife_bowie_slaughter"},
{"predicate": {"custom_model_data":2391055}, "model": "item/knife_bowie_stained"},
{"predicate": {"custom_model_data":2391056}, "model": "item/knife_bowie_tiger_tooth"},
{"predicate": {"custom_model_data":2391057}, "model": "item/knife_bowie_ultraviolet"},
{"predicate": {"custom_model_data":2391058}, "model": "item/knife_bowie_urban_masked"},
{"predicate": {"custom_model_data":2391059}, "model": "item/knife_bowie_vanilla"},
{"predicate": {"custom_model_data":2391060}, "model": "item/knife_butterfly_blue_steel"},
{"predicate": {"custom_model_data":2391061}, "model": "item/knife_butterfly_boreal_forest"},
{"predicate": {"custom_model_data":2391062}, "model": "item/knife_butterfly_case_hardened"},
{"predicate": {"custom_model_data":2391063}, "model": "item/knife_butterfly_crimson_web"},
{"predicate": {"custom_model_data":2391064}, "model": "item/knife_butterfly_damascus_steel"},
{"predicate": {"custom_model_data":2391065}, "model": "item/knife_butterfly_doppler_black_pearl"},
{"predicate": {"custom_model_data":2391066}, "model": "item/knife_butterfly_doppler_phase_1"},
{"predicate": {"custom_model_data":2391067}, "model": "item/knife_butterfly_doppler_phase_2"},
{"predicate": {"custom_model_data":2391068}, "model": "item/knife_butterfly_doppler_phase_3"},
{"predicate": {"custom_model_data":2391069}, "model": "item/knife_butterfly_doppler_phase_4"},
{"predicate": {"custom_model_data":2391070}, "model": "item/knife_butterfly_doppler_ruby"},
{"predicate": {"custom_model_data":2391071}, "model": "item/knife_butterfly_doppler_sapphire"},
{"predicate": {"custom_model_data":2391072}, "model": "item/knife_butterfly_fade"},
{"predicate": {"custom_model_data":2391073}, "model": "item/knife_butterfly_forest_ddpat"},
{"predicate": {"custom_model_data":2391074}, "model": "item/knife_butterfly_marble_fade"},
{"predicate": {"custom_model_data":2391075}, "model": "item/knife_butterfly_night"},
{"predicate": {"custom_model_data":2391076}, "model": "item/knife_butterfly_rust_coat"},
{"predicate": {"custom_model_data":2391077}, "model": "item/knife_butterfly_safari_mesh"},
{"predicate": {"custom_model_data":2391078}, "model": "item/knife_butterfly_scorched"},
{"predicate": {"custom_model_data":2391079}, "model": "item/knife_butterfly_slaughter"},
{"predicate": {"custom_model_data":2391080}, "model": "item/knife_butterfly_stained"},
{"predicate": {"custom_model_data":2391081}, "model": "item/knife_butterfly_tiger_tooth"},
{"predicate": {"custom_model_data":2391082}, "model": "item/knife_butterfly_ultraviolet"},
{"predicate": {"custom_model_data":2391083}, "model": "item/knife_butterfly_urban_masked"},
{"predicate": {"custom_model_data":2391084}, "model": "item/knife_butterfly_vanilla"},
{"predicate": {"custom_model_data":2391085}, "model": "item/knife_classic_blue_steel"},
{"predicate": {"custom_model_data":2391086}, "model": "item/knife_classic_boreal_forest"},
{"predicate": {"custom_model_data":2391087}, "model": "item/knife_classic_case_hardened"},
{"predicate": {"custom_model_data":2391088}, "model": "item/knife_classic_crimson_web"},
{"predicate": {"custom_model_data":2391089}, "model": "item/knife_classic_fade"},
{"predicate": {"custom_model_data":2391090}, "model": "item/knife_classic_forest_ddpat"},
{"predicate": {"custom_model_data":2391091}, "model": "item/knife_classic_night_stripe"},
{"predicate": {"custom_model_data":2391092}, "model": "item/knife_classic_safari_mesh"},
{"predicate": {"custom_model_data":2391093}, "model": "item/knife_classic_scorched"},
{"predicate": {"custom_model_data":2391094}, "model": "item/knife_classic_slaughter"},
{"predicate": {"custom_model_data":2391095}, "model": "item/knife_classic_stained"},
{"predicate": {"custom_model_data":2391096}, "model": "item/knife_classic_urban_masked"},
{"predicate": {"custom_model_data":2391097}, "model": "item/knife_classic_vanilla"},
{"predicate": {"custom_model_data":2391098}, "model": "item/knife_falchion_blue_steel"},
{"predicate": {"custom_model_data":2391099}, "model": "item/knife_falchion_boreal_forest"},
{"predicate": {"custom_model_data":2391100}, "model": "item/knife_falchion_case_hardened"},
{"predicate": {"custom_model_data":2391101}, "model": "item/knife_falchion_crimson_web"},
{"predicate": {"custom_model_data":2391102}, "model": "item/knife_falchion_damascus_steel"},
{"predicate": {"custom_model_data":2391103}, "model": "item/knife_falchion_doppler_black_pearl"},
{"predicate": {"custom_model_data":2391104}, "model": "item/knife_falchion_doppler_phase_1"},
{"predicate": {"custom_model_data":2391105}, "model": "item/knife_falchion_doppler_phase_2"},
{"predicate": {"custom_model_data":2391106}, "model": "item/knife_falchion_doppler_phase_3"},
{"predicate": {"custom_model_data":2391107}, "model": "item/knife_falchion_doppler_phase_4"},
{"predicate": {"custom_model_data":2391108}, "model": "item/knife_falchion_doppler_ruby"},
{"predicate": {"custom_model_data":2391109}, "model": "item/knife_falchion_doppler_sapphire"},
{"predicate": {"custom_model_data":2391110}, "model": "item/knife_falchion_fade"},
{"predicate": {"custom_model_data":2391111}, "model": "item/knife_falchion_forest_ddpat"},
{"predicate": {"custom_model_data":2391112}, "model": "item/knife_falchion_marble_fade"},
{"predicate": {"custom_model_data":2391113}, "model": "item/knife_falchion_night"},
{"predicate": {"custom_model_data":2391114}, "model": "item/knife_falchion_rust_coat"},
{"predicate": {"custom_model_data":2391115}, "model": "item/knife_falchion_safari_mesh"},
{"predicate": {"custom_model_data":2391116}, "model": "item/knife_falchion_scorched"},
{"predicate": {"custom_model_data":2391117}, "model": "item/knife_falchion_slaughter"},
{"predicate": {"custom_model_data":2391118}, "model": "item/knife_falchion_stained"},
{"predicate": {"custom_model_data":2391119}, "model": "item/knife_falchion_tiger_tooth"},
{"predicate": {"custom_model_data":2391120}, "model": "item/knife_falchion_ultraviolet"},
{"predicate": {"custom_model_data":2391121}, "model": "item/knife_falchion_urban_masked"},
{"predicate": {"custom_model_data":2391122}, "model": "item/knife_falchion_vanilla"},
{"predicate": {"custom_model_data":2391123}, "model": "item/knife_flip_autotronic"},
{"predicate": {"custom_model_data":2391124}, "model": "item/knife_flip_black_laminate"},
{"predicate": {"custom_model_data":2391125}, "model": "item/knife_flip_blue_steel"},
{"predicate": {"custom_model_data":2391126}, "model": "item/knife_flip_boreal_forest"},
{"predicate": {"custom_model_data":2391127}, "model": "item/knife_flip_bright_water"},
{"predicate": {"custom_model_data":2391128}, "model": "item/knife_flip_case_hardened"},
{"predicate": {"custom_model_data":2391129}, "model": "item/knife_flip_crimson_web"},
{"predicate": {"custom_model_data":2391130}, "model": "item/knife_flip_damascus_steel"},
{"predicate": {"custom_model_data":2391131}, "model": "item/knife_flip_doppler_black_pearl"},
{"predicate": {"custom_model_data":2391132}, "model": "item/knife_flip_doppler_phase_1"},
{"predicate": {"custom_model_data":2391133}, "model": "item/knife_flip_doppler_phase_2"},
{"predicate": {"custom_model_data":2391134}, "model": "item/knife_flip_doppler_phase_3"},
{"predicate": {"custom_model_data":2391135}, "model": "item/knife_flip_doppler_phase_4"},
{"predicate": {"custom_model_data":2391136}, "model": "item/knife_flip_doppler_ruby"},
{"predicate": {"custom_model_data":2391137}, "model": "item/knife_flip_doppler_sapphire"},
{"predicate": {"custom_model_data":2391138}, "model": "item/knife_flip_fade"},
{"predicate": {"custom_model_data":2391139}, "model": "item/knife_flip_forest_ddpat"},
{"predicate": {"custom_model_data":2391140}, "model": "item/knife_flip_freehand"},
{"predicate": {"custom_model_data":2391141}, "model": "item/knife_flip_gamma_doppler_emerald"},
{"predicate": {"custom_model_data":2391142}, "model": "item/knife_flip_gamma_doppler_phase_1"},
{"predicate": {"custom_model_data":2391143}, "model": "item/knife_flip_gamma_doppler_phase_2"},
{"predicate": {"custom_model_data":2391144}, "model": "item/knife_flip_gamma_doppler_phase_3"},
{"predicate": {"custom_model_data":2391145}, "model": "item/knife_flip_gamma_doppler_phase_4"},
{"predicate": {"custom_model_data":2391146}, "model": "item/knife_flip_lore"},
{"predicate": {"custom_model_data":2391147}, "model": "item/knife_flip_marble_fade"},
{"predicate": {"custom_model_data":2391148}, "model": "item/knife_flip_night"},
{"predicate": {"custom_model_data":2391149}, "model": "item/knife_flip_rust_coat"},
{"predicate": {"custom_model_data":2391150}, "model": "item/knife_flip_safari_mesh"},
{"predicate": {"custom_model_data":2391151}, "model": "item/knife_flip_scorched"},
{"predicate": {"custom_model_data":2391152}, "model": "item/knife_flip_slaughter"},
{"predicate": {"custom_model_data":2391153}, "model": "item/knife_flip_stained"},
{"predicate": {"custom_model_data":2391154}, "model": "item/knife_flip_tiger_tooth"},
{"predicate": {"custom_model_data":2391155}, "model": "item/knife_flip_ultraviolet"},
{"predicate": {"custom_model_data":2391156}, "model": "item/knife_flip_urban_masked"},
{"predicate": {"custom_model_data":2391157}, "model": "item/knife_flip_vanilla"},
{"predicate": {"custom_model_data":2391158}, "model": "item/knife_gut_autotronic"},
{"predicate": {"custom_model_data":2391159}, "model": "item/knife_gut_black_laminate"},
{"predicate": {"custom_model_data":2391160}, "model": "item/knife_gut_blue_steel"},
{"predicate": {"custom_model_data":2391161}, "model": "item/knife_gut_boreal_forest"},
{"predicate": {"custom_model_data":2391162}, "model": "item/knife_gut_bright_water"},
{"predicate": {"custom_model_data":2391163}, "model": "item/knife_gut_case_hardened"},
{"predicate": {"custom_model_data":2391164}, "model": "item/knife_gut_crimson_web"},
{"predicate": {"custom_model_data":2391165}, "model": "item/knife_gut_damascus_steel"},
{"predicate": {"custom_model_data":2391166}, "model": "item/knife_gut_doppler_black_pearl"},
{"predicate": {"custom_model_data":2391167}, "model": "item/knife_gut_doppler_phase_1"},
{"predicate": {"custom_model_data":2391168}, "model": "item/knife_gut_doppler_phase_2"},
{"predicate": {"custom_model_data":2391169}, "model": "item/knife_gut_doppler_phase_3"},
{"predicate": {"custom_model_data":2391170}, "model": "item/knife_gut_doppler_phase_4"},
{"predicate": {"custom_model_data":2391171}, "model": "item/knife_gut_doppler_ruby"},
{"predicate": {"custom_model_data":2391172}, "model": "item/knife_gut_doppler_sapphire"},
{"predicate": {"custom_model_data":2391173}, "model": "item/knife_gut_fade"},
{"predicate": {"custom_model_data":2391174}, "model": "item/knife_gut_forest_ddpat"},
{"predicate": {"custom_model_data":2391175}, "model": "item/knife_gut_freehand"},
{"predicate": {"custom_model_data":2391176}, "model": "item/knife_gut_gamma_doppler_emerald"},
{"predicate": {"custom_model_data":2391177}, "model": "item/knife_gut_gamma_doppler_phase_1"},
{"predicate": {"custom_model_data":2391178}, "model": "item/knife_gut_gamma_doppler_phase_2"},
{"predicate": {"custom_model_data":2391179}, "model": "item/knife_gut_gamma_doppler_phase_3"},
{"predicate": {"custom_model_data":2391180}, "model": "item/knife_gut_gamma_doppler_phase_4"},
{"predicate": {"custom_model_data":2391181}, "model": "item/knife_gut_lore"},
{"predicate": {"custom_model_data":2391182}, "model": "item/knife_gut_marble_fade"},
{"predicate": {"custom_model_data":2391183}, "model": "item/knife_gut_night"},
{"predicate": {"custom_model_data":2391184}, "model": "item/knife_gut_rust_coat"},
{"predicate": {"custom_model_data":2391185}, "model": "item/knife_gut_safari_mesh"},
{"predicate": {"custom_model_data":2391186}, "model": "item/knife_gut_scorched"},
{"predicate": {"custom_model_data":2391187}, "model": "item/knife_gut_slaughter"},
{"predicate": {"custom_model_data":2391188}, "model": "item/knife_gut_stained"},
{"predicate": {"custom_model_data":2391189}, "model": "item/knife_gut_tiger_tooth"},
{"predicate": {"custom_model_data":2391190}, "model": "item/knife_gut_ultraviolet"},
{"predicate": {"custom_model_data":2391191}, "model": "item/knife_gut_urban_masked"},
{"predicate": {"custom_model_data":2391192}, "model": "item/knife_gut_vanilla"},
{"predicate": {"custom_model_data":2391193}, "model": "item/knife_huntsman_blue_steel"},
{"predicate": {"custom_model_data":2391194}, "model": "item/knife_huntsman_boreal_forest"},
{"predicate": {"custom_model_data":2391195}, "model": "item/knife_huntsman_case_hardened"},
{"predicate": {"custom_model_data":2391196}, "model": "item/knife_huntsman_crimson_web"},
{"predicate": {"custom_model_data":2391197}, "model": "item/knife_huntsman_damascus_steel"},
{"predicate": {"custom_model_data":2391198}, "model": "item/knife_huntsman_doppler_black_pearl"},
{"predicate": {"custom_model_data":2391199}, "model": "item/knife_huntsman_doppler_phase_1"},
{"predicate": {"custom_model_data":2391200}, "model": "item/knife_huntsman_doppler_phase_2"},
{"predicate": {"custom_model_data":2391201}, "model": "item/knife_huntsman_doppler_phase_3"},
{"predicate": {"custom_model_data":2391202}, "model": "item/knife_huntsman_doppler_phase_4"},
{"predicate": {"custom_model_data":2391203}, "model": "item/knife_huntsman_doppler_ruby"},
{"predicate": {"custom_model_data":2391204}, "model": "item/knife_huntsman_doppler_sapphire"},
{"predicate": {"custom_model_data":2391205}, "model": "item/knife_huntsman_fade"},
{"predicate": {"custom_model_data":2391206}, "model": "item/knife_huntsman_forest_ddpat"},
{"predicate": {"custom_model_data":2391207}, "model": "item/knife_huntsman_marble_fade"},
{"predicate": {"custom_model_data":2391208}, "model": "item/knife_huntsman_night"},
{"predicate": {"custom_model_data":2391209}, "model": "item/knife_huntsman_rust_coat"},
{"predicate": {"custom_model_data":2391210}, "model": "item/knife_huntsman_safari_mesh"},
{"predicate": {"custom_model_data":2391211}, "model": "item/knife_huntsman_scorched"},
{"predicate": {"custom_model_data":2391212}, "model": "item/knife_huntsman_slaughter"},
{"predicate": {"custom_model_data":2391213}, "model": "item/knife_huntsman_stained"},
{"predicate": {"custom_model_data":2391214}, "model": "item/knife_huntsman_tiger_tooth"},
{"predicate": {"custom_model_data":2391215}, "model": "item/knife_huntsman_ultraviolet"},
{"predicate": {"custom_model_data":2391216}, "model": "item/knife_huntsman_urban_masked"},
{"predicate": {"custom_model_data":2391217}, "model": "item/knife_huntsman_vanilla"},
{"predicate": {"custom_model_data":2391218}, "model": "item/knife_karambit_autotronic"},
{"predicate": {"custom_model_data":2391219}, "model": "item/knife_karambit_black_laminate"},
{"predicate": {"custom_model_data":2391220}, "model": "item/knife_karambit_blue_steel"},
{"predicate": {"custom_model_data":2391221}, "model": "item/knife_karambit_boreal_forest"},
{"predicate": {"custom_model_data":2391222}, "model": "item/knife_karambit_bright_water"},
{"predicate": {"custom_model_data":2391223}, "model": "item/knife_karambit_case_hardened"},
{"predicate": {"custom_model_data":2391224}, "model": "item/knife_karambit_crimson_web"},
{"predicate": {"custom_model_data":2391225}, "model": "item/knife_karambit_damascus_steel"},
{"predicate": {"custom_model_data":2391226}, "model": "item/knife_karambit_doppler_black_pearl"},
{"predicate": {"custom_model_data":2391227}, "model": "item/knife_karambit_doppler_phase_1"},
{"predicate": {"custom_model_data":2391228}, "model": "item/knife_karambit_doppler_phase_2"},
{"predicate": {"custom_model_data":2391229}, "model": "item/knife_karambit_doppler_phase_3"},
{"predicate": {"custom_model_data":2391230}, "model": "item/knife_karambit_doppler_phase_4"},
{"predicate": {"custom_model_data":2391231}, "model": "item/knife_karambit_doppler_ruby"},
{"predicate": {"custom_model_data":2391232}, "model": "item/knife_karambit_doppler_sapphire"},
{"predicate": {"custom_model_data":2391233}, "model": "item/knife_karambit_fade"},
{"predicate": {"custom_model_data":2391234}, "model": "item/knife_karambit_forest_ddpat"},
{"predicate": {"custom_model_data":2391235}, "model": "item/knife_karambit_freehand"},
{"predicate": {"custom_model_data":2391236}, "model": "item/knife_karambit_gamma_doppler_emerald"},
{"predicate": {"custom_model_data":2391237}, "model": "item/knife_karambit_gamma_doppler_phase_1"},
{"predicate": {"custom_model_data":2391238}, "model": "item/knife_karambit_gamma_doppler_phase_2"},
{"predicate": {"custom_model_data":2391239}, "model": "item/knife_karambit_gamma_doppler_phase_3"},
{"predicate": {"custom_model_data":2391240}, "model": "item/knife_karambit_gamma_doppler_phase_4"},
{"predicate": {"custom_model_data":2391241}, "model": "item/knife_karambit_lore"},
{"predicate": {"custom_model_data":2391242}, "model": "item/knife_karambit_marble_fade"},
{"predicate": {"custom_model_data":2391243}, "model": "item/knife_karambit_night"},
{"predicate": {"custom_model_data":2391244}, "model": "item/knife_karambit_rust_coat"},
{"predicate": {"custom_model_data":2391245}, "model": "item/knife_karambit_safari_mesh"},
{"predicate": {"custom_model_data":2391246}, "model": "item/knife_karambit_scorched"},
{"predicate": {"custom_model_data":2391247}, "model": "item/knife_karambit_slaughter"},
{"predicate": {"custom_model_data":2391248}, "model": "item/knife_karambit_stained"},
{"predicate": {"custom_model_data":2391249}, "model": "item/knife_karambit_tiger_tooth"},
{"predicate": {"custom_model_data":2391250}, "model": "item/knife_karambit_ultraviolet"},
{"predicate": {"custom_model_data":2391251}, "model": "item/knife_karambit_urban_masked"},
{"predicate": {"custom_model_data":2391252}, "model": "item/knife_karambit_vanilla"},
{"predicate": {"custom_model_data":2391253}, "model": "item/knife_m9bayonet_autotronic"},
{"predicate": {"custom_model_data":2391254}, "model": "item/knife_m9bayonet_black_laminate"},
{"predicate": {"custom_model_data":2391255}, "model": "item/knife_m9bayonet_blue_steel"},
{"predicate": {"custom_model_data":2391256}, "model": "item/knife_m9bayonet_boreal_forest"},
{"predicate": {"custom_model_data":2391257}, "model": "item/knife_m9bayonet_bright_water"},
{"predicate": {"custom_model_data":2391258}, "model": "item/knife_m9bayonet_case_hardened"},
{"predicate": {"custom_model_data":2391259}, "model": "item/knife_m9bayonet_crimson_web"},
{"predicate": {"custom_model_data":2391260}, "model": "item/knife_m9bayonet_damascus_steel"},
{"predicate": {"custom_model_data":2391261}, "model": "item/knife_m9bayonet_doppler_black_pearl"},
{"predicate": {"custom_model_data":2391262}, "model": "item/knife_m9bayonet_doppler_phase_1"},
{"predicate": {"custom_model_data":2391263}, "model": "item/knife_m9bayonet_doppler_phase_2"},
{"predicate": {"custom_model_data":2391264}, "model": "item/knife_m9bayonet_doppler_phase_3"},
{"predicate": {"custom_model_data":2391265}, "model": "item/knife_m9bayonet_doppler_phase_4"},
{"predicate": {"custom_model_data":2391266}, "model": "item/knife_m9bayonet_doppler_ruby"},
{"predicate": {"custom_model_data":2391267}, "model": "item/knife_m9bayonet_doppler_sapphire"},
{"predicate": {"custom_model_data":2391268}, "model": "item/knife_m9bayonet_fade"},
{"predicate": {"custom_model_data":2391269}, "model": "item/knife_m9bayonet_forest_ddpat"},
{"predicate": {"custom_model_data":2391270}, "model": "item/knife_m9bayonet_freehand"},
{"predicate": {"custom_model_data":2391271}, "model": "item/knife_m9bayonet_gamma_doppler_emerald"},
{"predicate": {"custom_model_data":2391272}, "model": "item/knife_m9bayonet_gamma_doppler_phase_1"},
{"predicate": {"custom_model_data":2391273}, "model": "item/knife_m9bayonet_gamma_doppler_phase_2"},
{"predicate": {"custom_model_data":2391274}, "model": "item/knife_m9bayonet_gamma_doppler_phase_3"},
{"predicate": {"custom_model_data":2391275}, "model": "item/knife_m9bayonet_gamma_doppler_phase_4"},
{"predicate": {"custom_model_data":2391276}, "model": "item/knife_m9bayonet_lore"},
{"predicate": {"custom_model_data":2391277}, "model": "item/knife_m9bayonet_marble_fade"},
{"predicate": {"custom_model_data":2391278}, "model": "item/knife_m9bayonet_night"},
{"predicate": {"custom_model_data":2391279}, "model": "item/knife_m9bayonet_rust_coat"},
{"predicate": {"custom_model_data":2391280}, "model": "item/knife_m9bayonet_safari_mesh"},
{"predicate": {"custom_model_data":2391281}, "model": "item/knife_m9bayonet_scorched"},
{"predicate": {"custom_model_data":2391282}, "model": "item/knife_m9bayonet_slaughter"},
{"predicate": {"custom_model_data":2391283}, "model": "item/knife_m9bayonet_stained"},
{"predicate": {"custom_model_data":2391284}, "model": "item/knife_m9bayonet_tiger_tooth"},
{"predicate": {"custom_model_data":2391285}, "model": "item/knife_m9bayonet_ultraviolet"},
{"predicate": {"custom_model_data":2391286}, "model": "item/knife_m9bayonet_urban_masked"},
{"predicate": {"custom_model_data":2391287}, "model": "item/knife_m9bayonet_vanilla"}

]
}