{
	"credit": "Made with Blockbench",
	"texture_size": [128, 128],
	"textures": {
		"1": "other/buttonout",
		"2": "other/buttonlight2",
		"3": "other/screen",
		"particle": "other/screen"
	},
	"elements": [
		{
			"from": [5.65, 0, 4.4625],
			"to": [6.0375, 1, 11.5875],
			"rotation": {"angle": 0, "axis": "y", "origin": [16.3125, 8, 14]},
			"faces": {
				"north": {"uv": [0, 0, 0.04844, 0.125], "texture": "#1"},
				"east": {"uv": [0, 0, 0.89062, 0.125], "texture": "#1"},
				"south": {"uv": [0, 0, 0.04844, 0.125], "texture": "#1"},
				"west": {"uv": [0, 0, 0.89062, 0.125], "texture": "#1"},
				"up": {"uv": [0, 0, 0.04844, 0.89062], "texture": "#1"},
				"down": {"uv": [0, 0, 0.04844, 0.89062], "texture": "#1"}
			}
		},
		{
			"from": [6, 0, 11.2375],
			"to": [10.0375, 1.4375, 11.95],
			"rotation": {"angle": 0, "axis": "y", "origin": [19.3125, 8, 21]},
			"faces": {
				"north": {"uv": [0, 0, 0.50469, 0.17969], "texture": "#1"},
				"east": {"uv": [0, 0, 0.08906, 0.17969], "texture": "#1"},
				"south": {"uv": [0, 0, 0.50469, 0.17969], "texture": "#1"},
				"west": {"uv": [0, 0, 0.08906, 0.17969], "texture": "#1"},
				"up": {"uv": [0, 0, 0.50469, 0.08906], "texture": "#1"},
				"down": {"uv": [0, 0, 0.50469, 0.08906], "texture": "#1"}
			}
		},
		{
			"from": [6.3375, 0, 10.0875],
			"to": [6.85, 1.4375, 10.6375],
			"rotation": {"angle": -45, "axis": "y", "origin": [4.84375, 0.5, 10.28125]},
			"faces": {
				"north": {"uv": [0, 0, 0.06406, 0.17969], "texture": "#1"},
				"east": {"uv": [0, 0, 0.06875, 0.17969], "texture": "#1"},
				"south": {"uv": [0, 0, 0.06406, 0.17969], "texture": "#1"},
				"west": {"uv": [0, 0, 0.06875, 0.17969], "texture": "#1"},
				"up": {"uv": [0, 0, 0.06406, 0.06875], "texture": "#1"},
				"down": {"uv": [0, 0, 0.06406, 0.06875], "texture": "#1"}
			}
		},
		{
			"from": [10.375, 0, 10.0875],
			"to": [10.8875, 1.4375, 10.6375],
			"rotation": {"angle": -45, "axis": "y", "origin": [8.88125, 0.5, 10.28125]},
			"faces": {
				"north": {"uv": [0, 0, 0.06406, 0.17969], "texture": "#1"},
				"east": {"uv": [0, 0, 0.06875, 0.17969], "texture": "#1"},
				"south": {"uv": [0, 0, 0.06406, 0.17969], "texture": "#1"},
				"west": {"uv": [0, 0, 0.06875, 0.17969], "texture": "#1"},
				"up": {"uv": [0, 0, 0.06406, 0.06875], "texture": "#1"},
				"down": {"uv": [0, 0, 0.06406, 0.06875], "texture": "#1"}
			}
		},
		{
			"from": [6.5, 0.8, 11.4375],
			"to": [9.4875, 1.575, 11.7125],
			"rotation": {"angle": 0, "axis": "y", "origin": [19.2875, 8.8, 21.1375]},
			"faces": {
				"north": {"uv": [0, 0, 0.41094, 0.125], "texture": "#2"},
				"east": {"uv": [0, 0, 0.05, 0.125], "texture": "#2"},
				"south": {"uv": [0, 0, 0.41094, 0.125], "texture": "#2"},
				"west": {"uv": [0, 0, 0.05, 0.125], "texture": "#2"},
				"up": {"uv": [0, 0, 14.411, 5.05], "texture": "#2"},
				"down": {"uv": [0, 0, 0.41094, 0.05], "texture": "#2"}
			}
		},
		{
			"from": [6, 0, 7.9625],
			"to": [10.0375, 0.8875, 11.2625],
			"rotation": {"angle": 0, "axis": "y", "origin": [19.3125, 8, 20]},
			"faces": {
				"north": {"uv": [0, 0, 0.50469, 0.0625], "texture": "#missing"},
				"east": {"uv": [0, 0, 0.36875, 0.0625], "texture": "#missing"},
				"south": {"uv": [0, 0, 0.50469, 0.0625], "texture": "#missing"},
				"west": {"uv": [0, 0, 0.36875, 0.0625], "texture": "#missing"},
				"up": {"uv": [0, 0, 16, 8], "texture": "#3"},
				"down": {"uv": [0, 0, 0.50469, 0.36875], "texture": "#1"}
			}
		},
		{
			"from": [6, 0, 4.4625],
			"to": [10.0375, 1, 7.95],
			"rotation": {"angle": 0, "axis": "y", "origin": [19.3125, 8, 13]},
			"faces": {
				"north": {"uv": [0, 0, 0.50469, 0.125], "texture": "#1"},
				"east": {"uv": [0, 0, 0.43594, 0.125], "texture": "#1"},
				"south": {"uv": [0, 0, 0.50469, 0.125], "texture": "#1"},
				"west": {"uv": [0, 0, 0.43594, 0.125], "texture": "#1"},
				"up": {"uv": [0, 0, 0.50469, 0.43594], "texture": "#1"},
				"down": {"uv": [0, 0, 0.50469, 0.43594], "texture": "#1"}
			}
		},
		{
			"from": [5.65, 0.4, 4.3],
			"to": [10.425, 1, 5.4625],
			"rotation": {"angle": 45, "axis": "x", "origin": [8.01875, 0.5, 5.13125]},
			"faces": {
				"north": {"uv": [0, 0, 0.59687, 0.075], "texture": "#1"},
				"east": {"uv": [0, 0, 0.14531, 0.075], "texture": "#1"},
				"south": {"uv": [0, 0, 0.59687, 0.075], "texture": "#1"},
				"west": {"uv": [0, 0, 0.14531, 0.075], "texture": "#1"},
				"up": {"uv": [0, 0, 0.59687, 0.14531], "texture": "#1"},
				"down": {"uv": [0, 0, 0.59687, 0.14531], "texture": "#1"}
			}
		},
		{
			"from": [5.65, 0, 6.85],
			"to": [10.425, 1, 7.5375],
			"rotation": {"angle": 45, "axis": "x", "origin": [8.01875, 0.5, 7.68125]},
			"faces": {
				"north": {"uv": [0, 0, 0.59687, 0.125], "texture": "#1"},
				"east": {"uv": [0, 0, 0.08594, 0.125], "texture": "#1"},
				"south": {"uv": [0, 0, 0.59687, 0.125], "texture": "#1"},
				"west": {"uv": [0, 0, 0.08594, 0.125], "texture": "#1"},
				"up": {"uv": [0, 0, 0.59687, 0.08594], "texture": "#1"},
				"down": {"uv": [0, 0, 0.59687, 0.08594], "texture": "#1"}
			}
		},
		{
			"from": [10, 0, 4.4625],
			"to": [10.425, 1, 11.5875],
			"rotation": {"angle": 0, "axis": "y", "origin": [21.3125, 8, 14]},
			"faces": {
				"north": {"uv": [0, 0, 0.05312, 0.125], "texture": "#1"},
				"east": {"uv": [0, 0, 0.89062, 0.125], "texture": "#1"},
				"south": {"uv": [0, 0, 0.05312, 0.125], "texture": "#1"},
				"west": {"uv": [0, 0, 0.89062, 0.125], "texture": "#1"},
				"up": {"uv": [0, 0, 0.05312, 0.89062], "texture": "#1"},
				"down": {"uv": [0, 0, 0.05312, 0.89062], "texture": "#1"}
			}
		},
		{
			"from": [10, 0, 7.45],
			"to": [10.425, 1.4375, 11.5875],
			"rotation": {"angle": 0, "axis": "y", "origin": [21.3125, 8, 14]},
			"faces": {
				"north": {"uv": [0, 0, 0.05312, 0.17969], "texture": "#1"},
				"east": {"uv": [0, 0, 0.51719, 0.17969], "texture": "#1"},
				"south": {"uv": [0, 0, 0.05312, 0.17969], "texture": "#1"},
				"west": {"uv": [0, 0, 0.51719, 0.17969], "texture": "#1"},
				"up": {"uv": [0, 0, 0.05312, 0.51719], "texture": "#1"},
				"down": {"uv": [0, 0, 0.05312, 0.51719], "texture": "#1"}
			}
		},
		{
			"from": [5.65, 0, 7.45],
			"to": [6.075, 1.4375, 11.5875],
			"rotation": {"angle": 0, "axis": "y", "origin": [16.9625, 8, 14]},
			"faces": {
				"north": {"uv": [0, 0, 0.05312, 0.17969], "texture": "#1"},
				"east": {"uv": [0, 0, 0.51719, 0.17969], "texture": "#1"},
				"south": {"uv": [0, 0, 0.05312, 0.17969], "texture": "#1"},
				"west": {"uv": [0, 0, 0.51719, 0.17969], "texture": "#1"},
				"up": {"uv": [0, 0, 0.05312, 0.51719], "texture": "#1"},
				"down": {"uv": [0, 0, 0.05312, 0.51719], "texture": "#1"}
			}
		}
	],
	"display": {
		"thirdperson_righthand": {
			"rotation": [0, -180, 0],
			"translation": [-1.25, 15, 1],
			"scale": [2.94, 2.94, 2.94]
		},
		"thirdperson_lefthand": {
			"rotation": [0, -180, 0],
			"translation": [1.25, 0, 0.25],
			"scale": [2.94, 2.94, 2.94]
		},
		"firstperson_righthand": {
			"rotation": [0, 173, 0],
			"translation": [-4, 4, 5],
			"scale": [2.56, 2.56, 2.56]
		},
		"firstperson_lefthand": {
			"rotation": [0, 170, 0],
			"translation": [-1.5, 3.75, 5],
			"scale": [2.56, 2.56, 2.56]
		},
		"ground": {
			"translation": [0, -2, 0],
			"scale": [2.5, 2.5, 2.5]
		},
		"gui": {
			"rotation": [0, -180, 0],
			"translation": [-1.75, -1.5, 0],
			"scale": [4, 4, 4]
		},
		"fixed": {
			"translation": [1.75, -1, -1.25],
			"scale": [4, 4, 4]
		}
	}
}