{
	"scp.spawn": {
		"sounds": [
			{ "name" : "scp/spawn" , "stream" : false }
		]
	},
	"scp.start": {
		"sounds": [
			{ "name" : "scp/start" , "stream" : false }
		]
	},
	"scp.1": {
		"sounds": [
			{ "name" : "scp/1" , "stream" : false }
		]
	},
	"scp.2": {
		"sounds": [
			{ "name" : "scp/2" , "stream" : false }
		]
	},
	"scp.3": {
		"sounds": [
			{ "name" : "scp/3" , "stream" : false }
		]
	},
	"scp.4": {
		"sounds": [
			{ "name" : "scp/4" , "stream" : false }
		]
	},
	"scp.5": {
		"sounds": [
			{ "name" : "scp/5" , "stream" : false }
		]
	},
	"scp.ambient_1": {
		"sounds": [
			{ "name" : "scp/ambient_1" , "stream" : false }
		]
	},
	"scp.ambient_2": {
		"sounds": [
			{ "name" : "scp/ambient_2" , "stream" : false }
		]
	},
	"scp.ambient_3": {
		"sounds": [
			{ "name" : "scp/ambient_3" , "stream" : false }
		]
	},
	"scp.ambient_4": {
		"sounds": [
			{ "name" : "scp/ambient_4" , "stream" : false }
		]
	},
	"scp.announce_standard": {
		"sounds": [
			{ "name" : "scp/announce_standard" , "stream" : false }
		]
	},
	"scp.announce_warhead": {
		"sounds": [
			{ "name" : "scp/announce_warhead" , "stream" : false }
		]
	},
	"scp.decontamination_announce_30": {
		"sounds": [
			{ "name" : "scp/decontamination_announce_30" , "stream" : false }
		]
	},
	"scp.decontamination_announce_300": {
		"sounds": [
			{ "name" : "scp/decontamination_announce_300" , "stream" : false }
		]
	},
	"scp.decontamination_announce_600": {
		"sounds": [
			{ "name" : "scp/decontamination_announce_600" , "stream" : false }
		]
	},
	"scp.decontamination_announce_60": {
		"sounds": [
			{ "name" : "scp/decontamination_announce_60" , "stream" : false }
		]
	},
	"scp.decontamination_complete": {
		"sounds": [
			{ "name" : "scp/decontamination_complete" , "stream" : false }
		]
	},
	"scp.decontamination_music": {
		"sounds": [
			{ "name" : "scp/decontamination_music" , "stream" : false }
		]
	},
	"scp.detonate": {
		"sounds": [
			{ "name" : "scp/detonate" , "stream" : false }
		]
	},
	"scp.die": {
		"sounds": [
			{ "name" : "scp/die" , "stream" : false }
		]
	},
	"scp.ding": {
		"sounds": [
			{ "name" : "scp/ding" , "stream" : false }
		]
	},
	"scp.ez_ambient_1": {
		"sounds": [
			{ "name" : "scp/ez_ambient_1" , "stream" : false }
		]
	},
	"scp.ez_ambient_2": {
		"sounds": [
			{ "name" : "scp/ez_ambient_2" , "stream" : false }
		]
	},
	"scp.ez_ambient_3": {
		"sounds": [
			{ "name" : "scp/ez_ambient_3" , "stream" : false }
		]
	},
	"scp.ez_ambient_4": {
		"sounds": [
			{ "name" : "scp/ez_ambient_4" , "stream" : false }
		]
	},
	"scp.ez_ambient_5": {
		"sounds": [
			{ "name" : "scp/ez_ambient_5" , "stream" : false }
		]
	},
	"scp.ez_ambient_6": {
		"sounds": [
			{ "name" : "scp/ez_ambient_6" , "stream" : false }
		]
	},
	"scp.femur_breaker": {
		"sounds": [
			{ "name" : "scp/femur_breaker" , "stream" : false }
		]
	},
	"scp.heavy_music_ambient": {
		"sounds": [
			{ "name" : "scp/heavy_music_ambient" , "stream" : false }
		]
	},
	"scp.light_music_ambient": {
		"sounds": [
			{ "name" : "scp/light_music_ambient" , "stream" : false }
		]
	},
	"scp.warhead_announce_30": {
		"sounds": [
			{ "name" : "scp/warhead_announce_30" , "stream" : false }
		]
	},
	"scp.warhead_announce_60": {
		"sounds": [
			{ "name" : "scp/warhead_announce_60" , "stream" : false }
		]
	},
	"scp.warhead_announce_90": {
		"sounds": [
			{ "name" : "scp/warhead_announce_90" , "stream" : false }
		]
	},
	"scp.warhead_inevitable": {
		"sounds": [
			{ "name" : "scp/warhead_inevitable" , "stream" : false }
		]
	},
	"scp.warhead_loop": {
		"sounds": [
			{ "name" : "scp/warhead_loop" , "stream" : false }
		]
	},
	"scp.warhead_music": {
		"sounds": [
			{ "name" : "scp/warhead_music" , "stream" : false }
		]
	},
	"scp.flash_explode": {
		"sounds": [
			{ "name" : "scp/flash_explode" , "stream" : false }
		]
	},
	"scp.flash_ring": {
		"sounds": [
			{ "name" : "scp/flash_ring" , "stream" : false }
		]
	},
	"scp.grenade_bounce": {
		"sounds": [
			{ "name" : "scp/grenade_bounce" , "stream" : false }
		]
	},
	"scp.knife_deploy": {
		"sounds": [
			{ "name" : "scp/knife_deploy" , "stream" : false },
			{ "name" : "scp/knife_deploy1" , "stream" : false }
		]
	},
	"scp.knife_hit": {
		"sounds": [
			{ "name" : "scp/knife_hit1" , "stream" : false },
			{ "name" : "scp/knife_hit2" , "stream" : false },
			{ "name" : "scp/knife_hit3" , "stream" : false },
			{ "name" : "scp/knife_hit4" , "stream" : false }
		]
	},
	"scp.knife_slash": {
		"sounds": [
			{ "name" : "scp/knife_slash1" , "stream" : false },
			{ "name" : "scp/knife_slash2" , "stream" : false }
		]
	},
	"scp.knife_stab": {
		"sounds": [
			{ "name" : "scp/knife_stab" , "stream" : false }
		]
	},
	"scp.powerdown": {
		"sounds": [
			{ "name" : "scp/powerdown" , "stream" : false }
		]
	}
}